OFC1,
OFC1,
OFC1,
OFC1,
OFC1,
OFC1,
OFC1,
OFC1,
OFC1,
OFC1,
OFC1,
OFC1,
OFC1,
OFC1,
OFC1,
OFC1,
OFC1,
OFC1,
OFC1,
OFC1,
OFC1,
OFC1,
OFC2,
OFC2,
OFC2,
OFC2,
OFC2,
OFC2,
OFC2,
OFC2,
OFC2,
OFC2,
OFC2,
OFC1,
OFC1,
OFC1,
OFC2,
OFC1,
OFC1,
OFC1,
OFC1,
OFC1,
OFC1,
OFC1,
OFC1,
OFC1,
OFC1,
OFC1,
OFC1,
OFC1,
OFC1,
OFC1,
OFC1,
OFC1,
OFC1,
OFC1,
OFC1,
OFC1,
OFC1,
OFC1,
OFC1,
OFC1,
OFC1,
OFC1,
OFC1,
OFC1,
OFC1,
OFC1,
OFC1,
OFC1,
OFC1,
OFC1,
OFC1,
OFC1,
OFC1,
OFC1,
OFC1,
OFC1,
OFC1,
OFC1,
OFC1,
OFC1,
OFC1,
OFC1,
OFC1,
OFC1,
OFC1,
OFC1,
OFC1,
OFC1,
OFC1,
OFC1,
OFC1,
OFC1,
OFC1,
OFC1,
OFC1,
OFC1,
OFC1,
OFC1,
OFC1,
OFC1,
OFC1,
OFC1,
OFC1,
OFC1,
OFC1,
OFC1,
OFC1,
OFC1,
OFC1,
OFC1,
OFC1,
OFC1,
OFC1,
OFC1,
OFC1,
OFC1,
OFC1,
OFC1,
OFC1,
OFC1,
OFC1,
OFC1,
OFC1,
OFC1,
OFC2,
OFC3,
OFC3,
OFC3,
OFC2,
OFC3,
OFC3,
OFC2,
OFC2,
OFC2,
OFC2,
OFC2,
OFC2,
OFC2,
OFC2,
OFC3,
OFC2,
OFC2,
OFC2,
OFC2,
OFC2,
OFC2,
OFC2,
OFC2,
OFC2,
OFC2,
OFC2,
OFC2,
OFC3,
OFC3,
OFC3,
OFC2,
OFC2,
OFC2,
OFC2,
OFC2,
OFC2,
OFC2,
OFC2,
OFC2,
OFC2,
OFC2,
OFC2,
OFC1,
OFC3,
OFC3,
OFC3,
OFC1,
OFC1,
OFC2,
OFC2,
OFC2,
OFC2,
OFC2,
OFC2,
OFC2,
OFC2,
OFC2,
OFC1,
OFC1,
OFC3,
OFC3,
OFC3,
OFC1,
OFC1,
OFC1,
OFC2,
OFC2,
OFC2,
OFC2,
OFC2,
OFC2,
OFC1,
OFC1,
OFC1,
OFC1,
OFC3,
OFC3,
OFC3,
OFC1,
OFC1,
OFC1,
OFC1,
OFC1,
OFC1,
OFC1,
OFC1,
OFC1,
OFC1,
OFC1,
OFC1,
OFC1,
OFC1,
OFC3,
OFC3,
OFC1,
OFC1,
OFC1,
OFC1,
OFC1,
OFC1,
OFC1,
OFC1,
OFC1,
OFC1,
OFC1,
OFC1,
OFC1,
OFC3,
OFC3,
OFC3,
OFC3,
OFC1,
OFC1,
OFC1,
OFC1,
OFC1,
OFC1,
OFC1,
OFC1,
OFC1,
OFC1,
OFC1,
OFC1,
OFC1,
OFC3,
OFC3,
OFC3,
OFC1,
OFC1,
OFC1,
OFC1,
OFC1,
OFC1,
OFC1,
OFC1,
OFC1,
OFC1,
OFC1,
OFC1,
OFC1,
OFC3,
OFC3,
OFC1,
OFC1,
OFC1,
OFC1,
OFC1,
OFC1,
OFC1,
OFC1,
OFC1,
OFC1,
OFC1,
OFC1,
OFC3,
OFC3,
OFC3,
OFC1,
OFC1,
OFC1,
OFC1,
OFC1,
OFC1,
OFC1,
OFC1,
OFC1,
OFC1,
OFC1,
OFC1,
OFC3,
OFC3,
OFC3,
OFC3,
OFC1,
OFC1,
OFC1,
OFC1,
OFC1,
OFC1,
OFC1,
OFC1,
OFC1,
OFC1,
OFC3,
OFC3,
OFC3,
OFC1,
OFC1,
OFC1,
OFC1,
OFC1,
OFC1,
OFC1,
OFC1,
OFC1,
OFC1,
OFC3,
OFC3,
OFC1,
OFC1,
OFC1,
OFC1,
OFC1,
OFC1,
OFC1,
OFC1,
OFC1,
OFC1,
OFC3,
OFC3,
OFC1,
OFC1,
OFC1,
OFC1,
OFC1,
OFC1,
OFC1,
OFC1,
OFC3,
OFC3,
OFC3,
OFC1,
OFC1,
OFC1,
OFC1,
OFC1,
OFC1,
OFC3,
OFC1,
OFC1,
OFC1,
OFC3,
OFC2,
OFC2,
OFC2,
OFC3,
OFC3,
OFC3,
OFC3,
OFC3,
OFC3,
OFC2,
OFC2,
OFC2,
OFC2,
OFC2,
OFC3,
OFC3,
OFC3,
OFC3,
OFC3,
OFC3,
OFC3,
OFC3,
OFC3,
OFC3,
OFC3,
OFC3,
OFC3,
OFC2,
OFC2,
OFC2,
OFC2,
OFC2,
OFC2,
OFC2,
OFC2,
OFC2,
OFC3,
OFC3,
OFC3,
OFC3,
OFC3,
OFC3,
OFC3,
OFC3,
OFC3,
OFC3,
OFC3,
OFC3,
OFC3,
OFC3,
OFC3,
OFC2,
OFC2,
OFC2,
OFC2,
OFC2,
OFC2,
OFC2,
OFC2,
OFC2,
OFC2,
OFC3,
OFC3,
OFC3,
OFC3,
OFC3,
OFC3,
OFC3,
OFC3,
OFC3,
OFC3,
OFC3,
OFC3,
OFC3,
OFC3,
OFC3,
OFC3,
OFC2,
OFC2,
OFC2,
OFC2,
OFC2,
OFC2,
OFC2,
OFC2,
OFC2,
OFC2,
OFC2,
OFC2,
OFC3,
OFC3,
OFC3,
OFC3,
OFC3,
OFC3,
OFC3,
OFC3,
OFC3,
OFC3,
OFC3,
OFC3,
OFC3,
OFC3,
OFC3,
OFC3,
OFC2,
OFC2,
OFC2,
OFC2,
OFC2,
OFC2,
OFC2,
OFC2,
OFC2,
OFC2,
OFC2,
OFC2,
OFC2,
OFC3,
OFC3,
OFC3,
OFC3,
OFC3,
OFC3,
OFC3,
OFC3,
OFC3,
OFC3,
OFC3,
OFC3,
OFC2,
OFC2,
OFC2,
OFC2,
OFC2,
OFC2,
OFC2,
OFC2,
OFC2,
OFC2,
OFC2,
OFC2,
OFC2,
OFC3,
OFC3,
OFC3,
OFC3,
OFC3,
OFC3,
OFC3,
OFC3,
OFC3,
OFC2,
OFC2,
OFC2,
OFC2,
OFC2,
OFC2,
OFC2,
OFC2,
OFC2,
OFC2,
OFC2,
OFC2,
OFC1,
OFC3,
OFC3,
OFC3,
OFC3,
OFC3,
OFC3,
OFC3,
OFC3,
OFC3,
OFC1,
OFC1,
OFC2,
OFC2,
OFC2,
OFC2,
OFC2,
OFC2,
OFC2,
OFC2,
OFC1,
OFC1,
OFC3,
OFC3,
OFC3,
OFC3,
OFC3,
OFC3,
OFC3,
OFC3,
OFC3,
OFC1,
OFC1,
OFC2,
OFC2,
OFC2,
OFC2,
OFC2,
OFC2,
OFC2,
OFC1,
OFC1,
OFC1,
OFC1,
OFC1,
OFC3,
OFC3,
OFC3,
OFC3,
OFC3,
OFC3,
OFC3,
OFC1,
OFC1,
OFC1,
OFC1,
OFC1,
OFC1,
OFC1,
OFC1,
OFC1,
OFC1,
OFC1,
OFC3,
OFC3,
OFC3,
OFC3,
OFC3,
OFC3,
OFC1,
OFC1,
OFC1,
OFC1,
OFC1,
OFC1,
OFC1,
OFC1,
OFC1,
OFC1,
OFC1,
OFC3,
OFC3,
OFC3,
OFC3,
OFC3,
OFC3,
OFC3,
OFC1,
OFC1,
OFC1,
OFC1,
OFC1,
OFC1,
OFC1,
OFC1,
OFC1,
OFC1,
OFC3,
OFC3,
OFC3,
OFC3,
OFC3,
OFC3,
OFC1,
OFC1,
OFC1,
OFC1,
OFC1,
OFC1,
OFC1,
OFC1,
OFC1,
OFC1,
OFC3,
OFC3,
OFC3,
OFC3,
OFC3,
OFC1,
OFC1,
OFC1,
OFC1,
OFC1,
OFC1,
OFC1,
OFC1,
OFC1,
OFC1,
OFC1,
OFC1,
OFC3,
OFC3,
OFC3,
OFC3,
OFC1,
OFC1,
OFC1,
OFC1,
OFC1,
OFC1,
OFC1,
OFC1,
OFC1,
OFC1,
OFC1,
OFC3,
OFC3,
OFC3,
OFC3,
OFC3,
OFC1,
OFC1,
OFC1,
OFC1,
OFC1,
OFC1,
OFC1,
OFC1,
OFC1,
OFC1,
OFC3,
OFC3,
OFC3,
OFC3,
OFC3,
OFC1,
OFC1,
OFC1,
OFC1,
OFC1,
OFC1,
OFC1,
OFC1,
OFC1,
OFC3,
OFC3,
OFC3,
OFC3,
OFC1,
OFC1,
OFC1,
OFC1,
OFC1,
OFC1,
OFC1,
OFC1,
OFC1,
OFC3,
OFC3,
OFC3,
OFC3,
OFC1,
OFC1,
OFC1,
OFC1,
OFC1,
OFC1,
OFC1,
OFC1,
OFC3,
OFC3,
OFC3,
OFC3,
OFC3,
OFC1,
OFC1,
OFC1,
OFC1,
OFC1,
OFC1,
OFC1,
OFC3,
OFC3,
OFC3,
OFC1,
OFC1,
OFC1,
OFC1,
OFC1,
OFC1,
OFC3,
OFC3,
OFC1,
OFC1,
OFC1,
OFC1,
OFC3,
OFC1,
OFC3,
OFC3,
OFC2,
OFC2,
OFC2,
OFC2,
OFC3,
OFC3,
OFC3,
OFC3,
OFC3,
OFC3,
OFC3,
OFC3,
OFC3,
OFC2,
OFC2,
OFC2,
OFC2,
OFC2,
OFC2,
OFC2,
OFC2,
OFC2,
OFC3,
OFC3,
OFC3,
OFC3,
OFC3,
OFC3,
OFC3,
OFC3,
OFC3,
OFC3,
OFC3,
OFC3,
OFC3,
OFC3,
OFC2,
OFC2,
OFC2,
OFC2,
OFC2,
OFC2,
OFC2,
OFC2,
OFC2,
OFC2,
OFC2,
OFC3,
OFC3,
OFC3,
OFC3,
OFC3,
OFC3,
OFC3,
OFC3,
OFC3,
OFC3,
OFC3,
OFC3,
OFC3,
OFC3,
OFC3,
OFC2,
OFC2,
OFC2,
OFC2,
OFC2,
OFC2,
OFC2,
OFC2,
OFC2,
OFC2,
OFC2,
OFC2,
OFC2,
OFC3,
OFC3,
OFC3,
OFC3,
OFC3,
OFC3,
OFC3,
OFC3,
OFC3,
OFC3,
OFC3,
OFC3,
OFC3,
OFC3,
OFC3,
OFC3,
OFC2,
OFC2,
OFC2,
OFC2,
OFC2,
OFC2,
OFC2,
OFC2,
OFC2,
OFC2,
OFC2,
OFC2,
OFC2,
OFC3,
OFC3,
OFC3,
OFC3,
OFC3,
OFC3,
OFC3,
OFC3,
OFC3,
OFC3,
OFC3,
OFC3,
OFC3,
OFC3,
OFC3,
OFC3,
OFC3,
OFC2,
OFC2,
OFC2,
OFC2,
OFC2,
OFC2,
OFC2,
OFC2,
OFC2,
OFC2,
OFC2,
OFC2,
OFC2,
OFC3,
OFC3,
OFC3,
OFC3,
OFC3,
OFC3,
OFC3,
OFC3,
OFC3,
OFC3,
OFC3,
OFC3,
OFC3,
OFC3,
OFC3,
OFC3,
OFC3,
OFC2,
OFC2,
OFC2,
OFC2,
OFC2,
OFC2,
OFC2,
OFC2,
OFC2,
OFC2,
OFC2,
OFC2,
OFC2,
OFC3,
OFC3,
OFC3,
OFC3,
OFC3,
OFC3,
OFC3,
OFC3,
OFC3,
OFC3,
OFC3,
OFC3,
OFC3,
OFC3,
OFC3,
OFC3,
OFC3,
OFC3,
OFC3,
OFC2,
OFC2,
OFC2,
OFC2,
OFC2,
OFC2,
OFC2,
OFC2,
OFC2,
OFC2,
OFC2,
OFC2,
OFC2,
OFC3,
OFC3,
OFC3,
OFC3,
OFC3,
OFC3,
OFC3,
OFC3,
OFC3,
OFC3,
OFC3,
OFC3,
OFC3,
OFC3,
OFC3,
OFC3,
OFC3,
OFC3,
OFC3,
OFC1,
OFC2,
OFC2,
OFC2,
OFC2,
OFC2,
OFC2,
OFC2,
OFC2,
OFC2,
OFC1,
OFC1,
OFC3,
OFC3,
OFC3,
OFC3,
OFC3,
OFC3,
OFC3,
OFC3,
OFC3,
OFC3,
OFC3,
OFC3,
OFC3,
OFC3,
OFC3,
OFC1,
OFC1,
OFC2,
OFC2,
OFC2,
OFC1,
OFC1,
OFC1,
OFC1,
OFC1,
OFC1,
OFC3,
OFC3,
OFC3,
OFC3,
OFC3,
OFC3,
OFC3,
OFC3,
OFC3,
OFC3,
OFC3,
OFC3,
OFC1,
OFC1,
OFC1,
OFC1,
OFC1,
OFC1,
OFC1,
OFC1,
OFC1,
OFC1,
OFC3,
OFC3,
OFC3,
OFC3,
OFC3,
OFC3,
OFC3,
OFC3,
OFC3,
OFC3,
OFC1,
OFC1,
OFC1,
OFC1,
OFC1,
OFC1,
OFC1,
OFC1,
OFC1,
OFC1,
OFC1,
OFC3,
OFC3,
OFC3,
OFC3,
OFC3,
OFC3,
OFC3,
OFC3,
OFC3,
OFC3,
OFC3,
OFC1,
OFC1,
OFC1,
OFC1,
OFC1,
OFC1,
OFC1,
OFC1,
OFC1,
OFC1,
OFC3,
OFC3,
OFC3,
OFC3,
OFC3,
OFC3,
OFC3,
OFC3,
OFC3,
OFC3,
OFC3,
OFC1,
OFC1,
OFC1,
OFC1,
OFC1,
OFC1,
OFC1,
OFC1,
OFC1,
OFC1,
OFC3,
OFC3,
OFC3,
OFC3,
OFC3,
OFC3,
OFC3,
OFC3,
OFC3,
OFC1,
OFC1,
OFC1,
OFC1,
OFC1,
OFC1,
OFC1,
OFC1,
OFC1,
OFC1,
OFC3,
OFC3,
OFC3,
OFC3,
OFC3,
OFC3,
OFC3,
OFC1,
OFC1,
OFC1,
OFC1,
OFC1,
OFC1,
OFC1,
OFC1,
OFC1,
OFC1,
OFC3,
OFC3,
OFC3,
OFC3,
OFC3,
OFC1,
OFC1,
OFC1,
OFC1,
OFC1,
OFC1,
OFC1,
OFC1,
OFC1,
OFC3,
OFC3,
OFC3,
OFC3,
OFC1,
OFC1,
OFC1,
OFC1,
OFC1,
OFC1,
OFC1,
OFC1,
OFC1,
OFC3,
OFC3,
OFC3,
OFC3,
OFC3,
OFC1,
OFC1,
OFC1,
OFC1,
OFC1,
OFC1,
OFC1,
OFC3,
OFC3,
OFC3,
OFC3,
OFC3,
OFC3,
OFC1,
OFC1,
OFC1,
OFC1,
OFC1,
OFC1,
OFC1,
OFC1,
OFC3,
OFC3,
OFC3,
OFC3,
OFC3,
OFC3,
OFC1,
OFC1,
OFC1,
OFC1,
OFC1,
OFC1,
OFC1,
OFC1,
OFC3,
OFC3,
OFC3,
OFC3,
OFC3,
OFC1,
OFC1,
OFC1,
OFC1,
OFC1,
OFC1,
OFC1,
OFC1,
OFC3,
OFC3,
OFC1,
OFC1,
OFC1,
OFC1,
OFC1,
OFC1,
OFC1,
OFC3,
OFC1,
OFC1,
OFC1,
OFC1,
OFC3,
OFC2,
OFC2,
OFC2,
OFC2,
OFC2,
OFC2,
OFC2,
OFC2,
OFC2,
OFC3,
OFC3,
OFC3,
OFC3,
OFC2,
OFC2,
OFC2,
OFC2,
OFC2,
OFC2,
OFC2,
OFC2,
OFC2,
OFC2,
OFC2,
OFC3,
OFC3,
OFC3,
OFC3,
OFC3,
OFC3,
OFC3,
OFC3,
OFC3,
OFC3,
OFC3,
OFC3,
OFC2,
OFC2,
OFC2,
OFC2,
OFC2,
OFC2,
OFC2,
OFC2,
OFC2,
OFC2,
OFC2,
OFC2,
OFC2,
OFC3,
OFC3,
OFC3,
OFC3,
OFC3,
OFC3,
OFC3,
OFC3,
OFC3,
OFC3,
OFC3,
OFC3,
OFC3,
OFC2,
OFC2,
OFC2,
OFC2,
OFC2,
OFC2,
OFC2,
OFC2,
OFC2,
OFC2,
OFC2,
OFC2,
OFC2,
OFC2,
OFC3,
OFC3,
OFC3,
OFC3,
OFC3,
OFC3,
OFC3,
OFC3,
OFC3,
OFC3,
OFC3,
OFC3,
OFC3,
OFC2,
OFC2,
OFC2,
OFC2,
OFC2,
OFC2,
OFC2,
OFC2,
OFC2,
OFC2,
OFC2,
OFC2,
OFC2,
OFC2,
OFC3,
OFC3,
OFC3,
OFC3,
OFC3,
OFC3,
OFC3,
OFC3,
OFC3,
OFC3,
OFC3,
OFC3,
OFC3,
OFC3,
OFC3,
OFC2,
OFC2,
OFC2,
OFC2,
OFC2,
OFC2,
OFC2,
OFC2,
OFC2,
OFC2,
OFC2,
OFC2,
OFC2,
OFC2,
OFC3,
OFC3,
OFC3,
OFC3,
OFC3,
OFC3,
OFC3,
OFC3,
OFC3,
OFC3,
OFC3,
OFC3,
OFC3,
OFC3,
OFC3,
OFC3,
OFC2,
OFC2,
OFC2,
OFC2,
OFC2,
OFC2,
OFC2,
OFC2,
OFC2,
OFC2,
OFC2,
OFC2,
OFC2,
OFC2,
OFC3,
OFC3,
OFC3,
OFC3,
OFC3,
OFC3,
OFC3,
OFC3,
OFC3,
OFC3,
OFC3,
OFC3,
OFC3,
OFC3,
OFC3,
OFC3,
OFC2,
OFC2,
OFC2,
OFC2,
OFC2,
OFC2,
s32,
OFC2,
OFC2,
OFC2,
OFC2,
OFC2,
OFC3,
OFC3,
OFC3,
OFC3,
OFC3,
OFC3,
OFC3,
OFC3,
OFC3,
OFC3,
OFC3,
OFC3,
OFC3,
OFC3,
OFC3,
OFC3,
OFC3,
OFC1,
OFC2,
OFC2,
OFC2,
OFC2,
OFC2,
OFC2,
OFC2,
OFC1,
OFC1,
OFC3,
OFC3,
OFC3,
OFC3,
OFC3,
OFC3,
OFC3,
OFC3,
OFC3,
OFC3,
OFC3,
OFC3,
OFC3,
OFC3,
OFC3,
OFC3,
OFC3,
OFC1,
OFC1,
OFC2,
OFC2,
OFC2,
OFC1,
OFC1,
OFC1,
OFC1,
OFC1,
OFC3,
OFC3,
OFC3,
OFC3,
OFC3,
OFC3,
OFC3,
OFC3,
OFC3,
OFC3,
OFC3,
OFC3,
OFC3,
OFC3,
OFC3,
OFC3,
OFC1,
OFC1,
OFC1,
OFC1,
OFC1,
OFC1,
OFC1,
OFC1,
OFC1,
OFC3,
OFC3,
OFC3,
OFC3,
OFC3,
OFC3,
OFC3,
OFC3,
OFC3,
OFC3,
OFC3,
OFC3,
OFC3,
OFC1,
OFC1,
OFC1,
OFC1,
OFC1,
OFC1,
OFC1,
OFC1,
OFC1,
OFC3,
OFC3,
OFC3,
OFC3,
OFC3,
OFC3,
OFC3,
OFC3,
OFC3,
OFC3,
OFC3,
OFC3,
OFC3,
OFC1,
OFC1,
OFC1,
OFC1,
OFC1,
OFC1,
OFC1,
OFC1,
OFC1,
OFC1,
OFC3,
OFC3,
OFC3,
OFC3,
OFC3,
OFC3,
OFC7,
OFC6,
OFC6,
OFC6,
OFC6,
OFC6,
OFC6,
OFC3,
OFC3,
OFC3,
OFC3,
OFC3,
OFC3,
OFC3,
OFC1,
OFC1,
OFC1,
OFC1,
OFC1,
OFC1,
OFC1,
OFC1,
OFC1,
OFC1,
OFC3,
OFC3,
OFC3,
OFC3,
OFC3,
OFC3,
OFC7,
OFC6,
OFC6,
OFC6,
OFC6,
OFC6,
OFC6,
OFC6,
OFC6,
OFC3,
OFC3,
OFC3,
OFC3,
OFC3,
OFC3,
OFC3,
OFC3,
OFC1,
OFC1,
OFC1,
OFC1,
OFC1,
OFC1,
OFC1,
OFC1,
OFC1,
OFC3,
OFC3,
OFC3,
OFC3,
OFC3,
OFC3,
OFC7,
OFC6,
OFC6,
OFC6,
OFC6,
OFC6,
OFC6,
OFC6,
OFC6,
OFC3,
OFC3,
OFC3,
OFC3,
OFC3,
OFC3,
OFC3,
OFC1,
OFC1,
OFC1,
OFC1,
OFC1,
OFC1,
OFC1,
OFC1,
OFC3,
OFC3,
OFC3,
OFC3,
OFC3,
OFC3,
OFC7,
OFC6,
OFC6,
OFC6,
OFC6,
OFC6,
OFC6,
OFC3,
OFC3,
OFC3,
OFC3,
OFC3,
OFC3,
OFC3,
OFC1,
OFC1,
OFC1,
OFC1,
OFC1,
OFC1,
OFC1,
OFC1,
OFC3,
OFC3,
OFC3,
OFC3,
OFC3,
OFC6,
OFC6,
OFC3,
OFC3,
OFC3,
OFC3,
OFC3,
OFC1,
OFC1,
OFC1,
OFC1,
OFC1,
OFC1,
OFC1,
OFC1,
OFC3,
OFC3,
OFC3,
OFC3,
OFC3,
OFC3,
OFC3,
OFC3,
OFC3,
OFC3,
OFC1,
OFC1,
OFC1,
OFC1,
OFC1,
OFC1,
OFC1,
OFC1,
OFC3,
OFC3,
OFC3,
OFC3,
OFC3,
OFC3,
OFC3,
OFC3,
OFC3,
OFC1,
OFC1,
OFC1,
FP2,
OFC1,
OFC1,
OFC1,
OFC3,
OFC3,
OFC3,
OFC3,
OFC3,
OFC3,
OFC3,
OFC3,
OFC3,
OFC3,
OFC1,
OFC1,
OFC1,
FP2,
FP2,
OFC1,
OFC1,
OFC1,
OFC1,
OFC3,
OFC3,
OFC3,
OFC3,
OFC3,
OFC3,
OFC3,
OFC3,
OFC1,
OFC1,
FP2,
FP2,
OFC1,
OFC1,
OFC1,
OFC1,
OFC3,
OFC3,
OFC3,
OFC1,
FP2,
FP2,
FP2,
FP2,
OFC1,
OFC3,
OFC3,
OFC3,
FP2,
FP2,
FP2,
OFC1,
OFC3,
OFC3,
OFC2,
25
OFC2,
OFC2,
25
25
OFC2,
OFC2,
OFC3,
OFC2,
OFC2,
OFC2,
OFC2,
OFC2,
OFC2,
25
OFC2,
OFC2,
OFC2,
OFC2,
OFC2,
OFC3,
OFC3,
OFC3,
OFC3,
OFC2,
OFC2,
OFC2,
OFC2,
OFC2,
OFC2,
OFC2,
OFC2,
OFC2,
OFC2,
OFC2,
OFC2,
OFC2,
OFC2,
OFC2,
OFC3,
OFC3,
OFC3,
OFC3,
OFC3,
OFC3,
OFC3,
OFC3,
OFC2,
OFC2,
OFC2,
OFC2,
OFC2,
OFC2,
OFC2,
OFC2,
OFC2,
OFC2,
OFC2,
OFC2,
OFC2,
OFC2,
OFC2,
OFC3,
OFC3,
OFC3,
OFC3,
OFC3,
OFC3,
OFC3,
OFC3,
OFC3,
OFC3,
OFC2,
OFC2,
OFC2,
OFC2,
OFC2,
OFC2,
OFC2,
OFC2,
OFC2,
OFC2,
OFC2,
OFC2,
OFC2,
OFC2,
OFC2,
OFC2,
OFC3,
OFC3,
OFC3,
OFC3,
OFC3,
OFC3,
OFC3,
OFC3,
OFC3,
OFC3,
OFC3,
OFC2,
OFC2,
OFC2,
OFC2,
OFC2,
OFC2,
OFC2,
s24,
OFC2,
OFC2,
OFC2,
OFC2,
OFC2,
OFC2,
OFC2,
OFC2,
OFC3,
OFC3,
OFC3,
OFC3,
OFC3,
OFC3,
OFC3,
OFC3,
OFC3,
OFC3,
OFC3,
OFC2,
OFC2,
OFC2,
OFC2,
OFC2,
OFC2,
OFC2,
s32,
s32,
OFC2,
OFC2,
OFC2,
OFC2,
OFC2,
OFC3,
OFC3,
OFC3,
OFC3,
OFC3,
OFC3,
OFC3,
OFC3,
OFC3,
OFC3,
OFC3,
OFC3,
OFC3,
OFC3,
OFC2,
OFC2,
OFC2,
OFC2,
OFC2,
OFC2,
s32,
s32,
OFC2,
OFC2,
OFC2,
OFC2,
OFC2,
OFC3,
OFC3,
OFC3,
OFC3,
OFC3,
OFC3,
OFC3,
OFC3,
OFC3,
OFC3,
OFC3,
OFC3,
OFC3,
OFC3,
OFC2,
OFC2,
OFC2,
OFC2,
s32,
s32,
s32,
OFC2,
OFC2,
OFC1,
OFC1,
OFC3,
OFC3,
OFC3,
OFC3,
OFC3,
OFC3,
OFC3,
OFC3,
OFC3,
OFC3,
OFC3,
OFC3,
OFC3,
OFC3,
OFC3,
OFC1,
OFC1,
OFC2,
OFC2,
s32,
s32,
OFC1,
OFC1,
OFC1,
OFC1,
OFC1,
OFC3,
OFC3,
OFC3,
OFC3,
OFC3,
OFC3,
OFC3,
OFC3,
OFC3,
OFC3,
OFC3,
OFC3,
OFC3,
OFC3,
OFC3,
OFC1,
OFC1,
OFC1,
OFC1,
s32,
s32,
OFC1,
OFC1,
OFC1,
OFC1,
OFC1,
OFC3,
OFC3,
OFC3,
OFC3,
OFC3,
OFC3,
OFC6,
OFC6,
OFC6,
OFC3,
OFC3,
OFC3,
OFC3,
OFC3,
OFC3,
OFC3,
OFC1,
OFC1,
OFC1,
OFC1,
s32,
OFC1,
OFC1,
OFC1,
OFC1,
OFC3,
OFC3,
OFC3,
OFC3,
OFC3,
OFC3,
OFC7,
OFC7,
OFC7,
OFC6,
OFC6,
OFC6,
OFC6,
OFC6,
OFC6,
OFC6,
OFC6,
OFC6,
OFC6,
OFC3,
OFC3,
OFC3,
OFC3,
OFC3,
OFC3,
OFC3,
OFC1,
OFC1,
s32,
OFC1,
OFC1,
OFC1,
OFC1,
OFC1,
OFC3,
OFC3,
OFC3,
OFC3,
OFC3,
OFC3,
OFC7,
OFC7,
OFC6,
OFC6,
OFC6,
OFC6,
OFC6,
OFC6,
OFC6,
OFC6,
OFC6,
OFC6,
OFC6,
OFC3,
OFC3,
OFC3,
OFC3,
OFC3,
OFC3,
OFC3,
OFC1,
OFC1,
OFC1,
OFC1,
OFC1,
OFC1,
OFC1,
OFC3,
OFC3,
OFC3,
OFC3,
OFC3,
OFC3,
OFC3,
OFC7,
OFC7,
OFC6,
OFC6,
OFC6,
OFC6,
OFC6,
OFC6,
OFC6,
OFC6,
OFC6,
OFC6,
OFC6,
OFC3,
OFC3,
OFC3,
OFC3,
OFC3,
OFC3,
OFC3,
OFC3,
OFC1,
OFC1,
OFC1,
OFC1,
OFC1,
OFC3,
OFC3,
OFC3,
OFC3,
OFC3,
OFC3,
OFC3,
OFC3,
OFC7,
OFC7,
OFC7,
OFC7,
OFC6,
OFC6,
OFC6,
OFC6,
OFC6,
OFC6,
OFC6,
OFC6,
OFC6,
OFC6,
OFC6,
OFC6,
OFC7,
OFC4,
OFC3,
OFC3,
OFC3,
OFC3,
OFC3,
OFC3,
OFC3,
OFC3,
OFC1,
OFC1,
OFC1,
OFC1,
OFC3,
OFC3,
OFC3,
OFC3,
OFC3,
OFC3,
OFC3,
OFC3,
OFC3,
OFC4,
OFC4,
OFC7,
OFC7,
OFC6,
OFC6,
OFC6,
OFC6,
OFC6,
OFC6,
OFC6,
OFC6,
OFC6,
OFC6,
OFC6,
OFC4,
OFC4,
OFC4,
OFC3,
OFC3,
OFC3,
OFC3,
OFC3,
OFC3,
OFC3,
OFC3,
OFC1,
OFC1,
OFC3,
OFC3,
OFC3,
OFC3,
OFC3,
OFC3,
OFC3,
OFC3,
OFC4,
OFC4,
OFC4,
OFC6,
OFC6,
OFC6,
OFC6,
OFC6,
OFC6,
OFC6,
OFC6,
OFC6,
OFC6,
OFC6,
OFC4,
OFC4,
OFC4,
OFC4,
OFC4,
OFC3,
OFC3,
OFC3,
OFC3,
OFC3,
OFC3,
OFC3,
OFC1,
OFC1,
OFC3,
OFC3,
OFC3,
OFC3,
OFC3,
OFC3,
OFC3,
OFC3,
OFC4,
OFC4,
OFC4,
OFC4,
OFC6,
OFC6,
OFC6,
OFC6,
OFC6,
OFC6,
OFC4,
OFC4,
OFC4,
OFC4,
OFC4,
OFC4,
OFC3,
OFC3,
OFC3,
OFC3,
OFC3,
OFC3,
OFC1,
OFC3,
OFC3,
OFC3,
OFC3,
OFC3,
OFC3,
OFC4,
OFC4,
OFC4,
OFC4,
OFC4,
OFC4,
OFC6,
OFC6,
OFC6,
OFC4,
OFC4,
OFC4,
OFC4,
OFC3,
OFC3,
OFC3,
OFC3,
OFC3,
OFC3,
OFC3,
OFC3,
OFC3,
OFC3,
OFC4,
OFC4,
OFC4,
OFC4,
OFC6,
OFC4,
OFC3,
OFC3,
OFC3,
OFC3,
OFC3,
FP2,
FP2,
FP2,
OFC3,
OFC3,
OFC3,
OFC3,
OFC3,
OFC4,
OFC4,
OFC4,
OFC4,
OFC3,
OFC3,
OFC3,
OFC3,
FP2,
FP2,
FP2,
FP2,
FP2,
OFC3,
OFC3,
OFC3,
OFC4,
OFC4,
OFC4,
OFC3,
FP2,
FP2,
FP2,
FP2,
FP2,
FP2,
OFC3,
OFC4,
FP2,
FP2,
FP2,
FP2,
FP2,
FP2,
FP2,
FP2,
FP2,
FP2,
FP2,
33
25
25
25
25
25
25
25
25
OFC2,
OFC2,
OFC2,
OFC2,
OFC2,
OFC2,
25
25
OFC2,
OFC2,
OFC2,
OFC2,
OFC3,
OFC2,
OFC2,
OFC2,
OFC2,
OFC2,
OFC2,
OFC2,
s24,
s24,
OFC2,
OFC2,
OFC2,
OFC2,
OFC2,
OFC2,
OFC2,
OFC2,
OFC3,
OFC3,
OFC2,
OFC2,
OFC2,
OFC2,
OFC2,
OFC2,
s24,
s24,
s24,
s24,
OFC2,
OFC2,
OFC2,
OFC2,
OFC2,
OFC2,
OFC3,
OFC3,
OFC3,
OFC3,
OFC3,
OFC3,
OFC2,
OFC2,
OFC2,
OFC2,
OFC2,
OFC2,
s24,
s24,
s24,
s24,
s24,
OFC2,
OFC2,
OFC2,
OFC2,
OFC2,
OFC3,
OFC3,
OFC3,
OFC3,
OFC3,
OFC3,
OFC3,
OFC3,
OFC3,
OFC2,
OFC2,
OFC2,
OFC2,
OFC2,
s32,
s24,
s24,
s24,
s24,
s24,
OFC2,
OFC2,
OFC2,
OFC2,
OFC2,
OFC3,
OFC3,
OFC3,
OFC3,
OFC3,
OFC3,
OFC3,
OFC3,
OFC3,
OFC3,
OFC2,
OFC2,
OFC2,
OFC2,
OFC2,
s32,
s32,
s32,
s32,
s32,
OFC2,
OFC2,
OFC2,
OFC2,
OFC2,
OFC3,
OFC3,
OFC3,
OFC3,
OFC3,
OFC3,
OFC3,
OFC3,
OFC3,
OFC3,
OFC3,
OFC2,
OFC2,
OFC2,
OFC2,
s32,
s32,
s32,
s32,
s32,
s32,
OFC2,
OFC2,
OFC2,
OFC2,
OFC2,
OFC3,
OFC3,
OFC3,
OFC3,
OFC3,
OFC3,
OFC3,
OFC3,
OFC3,
OFC3,
OFC3,
OFC3,
OFC3,
OFC2,
OFC2,
OFC2,
s32,
s32,
s32,
s32,
s32,
OFC2,
OFC2,
OFC2,
OFC1,
OFC1,
OFC3,
OFC3,
OFC3,
OFC3,
OFC3,
OFC3,
OFC3,
OFC3,
OFC3,
OFC3,
OFC3,
OFC3,
OFC3,
OFC3,
OFC1,
OFC2,
OFC2,
s32,
s32,
s32,
s32,
s32,
s32,
OFC1,
OFC1,
OFC1,
OFC1,
OFC3,
OFC3,
OFC3,
OFC3,
OFC3,
OFC3,
OFC6,
OFC7,
OFC3,
OFC3,
OFC3,
OFC3,
OFC3,
OFC3,
OFC3,
OFC3,
OFC1,
OFC1,
OFC1,
s32,
s32,
s32,
s32,
s32,
s32,
OFC1,
OFC1,
OFC1,
OFC1,
OFC3,
OFC3,
OFC3,
OFC3,
OFC3,
OFC3,
OFC7,
OFC6,
OFC6,
OFC6,
OFC6,
OFC6,
OFC6,
OFC6,
OFC7,
OFC7,
OFC7,
OFC3,
OFC3,
OFC3,
OFC3,
OFC3,
OFC3,
OFC3,
s32,
s32,
s32,
s32,
s32,
s32,
s32,
s32,
OFC1,
OFC1,
OFC1,
OFC3,
OFC3,
OFC3,
OFC3,
OFC3,
OFC3,
OFC7,
OFC6,
OFC6,
OFC6,
OFC6,
OFC6,
OFC6,
OFC6,
OFC6,
OFC6,
OFC7,
OFC7,
OFC3,
OFC3,
OFC3,
OFC3,
OFC3,
s32,
s32,
s32,
s32,
s32,
s32,
s32,
OFC3,
OFC3,
OFC3,
OFC3,
OFC3,
OFC3,
OFC3,
OFC7,
OFC7,
OFC7,
OFC7,
OFC6,
OFC6,
OFC6,
OFC6,
OFC6,
OFC6,
OFC6,
OFC6,
OFC6,
OFC6,
OFC6,
OFC6,
OFC7,
OFC7,
OFC3,
OFC3,
OFC3,
OFC3,
OFC3,
OFC3,
s32,
s32,
s32,
s32,
s32,
s32,
s32,
s32,
OFC3,
OFC3,
OFC3,
OFC3,
OFC3,
OFC3,
OFC3,
OFC7,
OFC7,
OFC7,
OFC7,
OFC6,
OFC6,
OFC6,
OFC6,
OFC6,
OFC6,
OFC6,
OFC6,
OFC6,
OFC6,
OFC6,
OFC6,
OFC6,
OFC7,
OFC7,
OFC7,
OFC3,
OFC3,
OFC3,
OFC3,
OFC3,
OFC3,
OFC3,
s32,
s32,
s32,
s32,
s32,
OFC3,
OFC3,
OFC3,
OFC3,
OFC3,
OFC3,
OFC3,
OFC7,
OFC7,
OFC7,
OFC7,
OFC7,
OFC7,
OFC6,
OFC6,
OFC6,
OFC6,
OFC6,
OFC6,
OFC6,
OFC6,
OFC6,
OFC6,
OFC6,
OFC6,
OFC7,
OFC7,
OFC7,
OFC3,
OFC3,
OFC3,
OFC3,
OFC3,
OFC3,
OFC3,
OFC3,
OFC3,
OFC3,
OFC3,
OFC3,
OFC3,
OFC3,
OFC7,
OFC7,
OFC7,
OFC7,
OFC7,
OFC7,
OFC6,
OFC6,
OFC6,
OFC6,
OFC6,
OFC6,
OFC6,
OFC6,
OFC6,
OFC6,
OFC6,
OFC7,
OFC7,
OFC4,
OFC4,
OFC4,
OFC3,
OFC3,
OFC3,
OFC3,
OFC3,
OFC3,
OFC3,
OFC3,
OFC3,
OFC3,
OFC3,
OFC3,
OFC3,
OFC4,
OFC4,
OFC7,
OFC7,
OFC7,
OFC6,
OFC6,
OFC6,
OFC6,
OFC6,
OFC6,
OFC6,
OFC6,
OFC6,
OFC6,
OFC6,
OFC6,
OFC4,
OFC4,
OFC4,
OFC4,
OFC3,
OFC3,
OFC3,
OFC3,
OFC3,
OFC3,
OFC3,
OFC3,
OFC3,
OFC3,
OFC3,
OFC3,
OFC3,
OFC4,
OFC4,
OFC4,
OFC4,
OFC6,
OFC6,
OFC6,
OFC6,
OFC6,
OFC6,
OFC6,
OFC6,
OFC6,
OFC6,
OFC6,
OFC4,
OFC4,
OFC4,
OFC4,
OFC4,
OFC4,
OFC3,
OFC3,
OFC3,
OFC3,
OFC3,
OFC3,
OFC3,
OFC3,
OFC3,
OFC3,
OFC3,
OFC4,
OFC4,
OFC4,
OFC4,
OFC4,
OFC6,
OFC6,
OFC6,
OFC6,
OFC6,
OFC6,
OFC6,
OFC6,
OFC6,
OFC4,
OFC4,
OFC4,
OFC4,
OFC4,
OFC4,
OFC4,
OFC4,
OFC3,
OFC3,
OFC3,
OFC3,
OFC3,
OFC3,
OFC3,
OFC3,
OFC4,
OFC4,
OFC4,
OFC4,
OFC4,
OFC4,
OFC4,
OFC6,
OFC6,
OFC6,
OFC6,
OFC6,
OFC4,
OFC4,
OFC4,
OFC4,
OFC4,
OFC4,
OFC4,
OFC4,
OFC3,
OFC3,
OFC3,
FP2,
FP2,
OFC3,
OFC3,
OFC3,
OFC3,
OFC3,
OFC3,
OFC4,
OFC4,
OFC4,
OFC4,
OFC4,
OFC4,
OFC4,
OFC6,
OFC6,
OFC6,
OFC6,
OFC5,
OFC4,
OFC4,
OFC4,
OFC4,
OFC4,
OFC4,
OFC4,
OFC4,
OFC3,
OFC3,
FP2,
FP2,
FP2,
FP2,
OFC3,
OFC3,
OFC3,
OFC4,
OFC4,
OFC4,
OFC4,
OFC4,
OFC4,
OFC4,
OFC4,
OFC4,
OFC6,
OFC5,
OFC5,
OFC5,
OFC4,
OFC4,
OFC4,
OFC4,
OFC4,
OFC4,
OFC3,
FP2,
FP2,
FP2,
FP2,
FP2,
FP2,
OFC4,
OFC4,
OFC4,
OFC4,
OFC4,
OFC4,
OFC4,
OFC4,
OFC4,
OFC4,
OFC4,
OFC4,
OFC4,
OFC4,
FP2,
FP2,
FP2,
FP2,
FP2,
FP2,
FP2,
OFC4,
OFC4,
OFC4,
OFC4,
OFC4,
OFC4,
OFC4,
OFC4,
OFC4,
OFC4,
OFC4,
FP2,
FP2,
FP2,
FP2,
FP2,
OFC4,
OFC4,
OFC4,
OFC4,
OFC4,
OFC4,
OFC4,
OFC4,
FP2,
FP2,
FP2,
FP2,
OFC4,
OFC4,
OFC4,
FP2,
FP2,
OFC4,
OFC4,
FP2,
33
33
33
33
25
25
25
25
25
25
25
25
25
25
25
25
25
OFC2,
OFC2,
OFC2,
25
25
25
25
OFC2,
OFC2,
OFC2,
OFC2,
OFC2,
OFC2,
25
25
s24,
s24,
OFC2,
OFC2,
OFC2,
OFC2,
OFC2,
OFC2,
OFC2,
OFC2,
OFC2,
OFC2,
s24,
s24,
s24,
s24,
s24,
OFC2,
OFC2,
OFC2,
OFC2,
OFC2,
OFC2,
OFC2,
OFC2,
OFC2,
OFC2,
OFC2,
s24,
s24,
s24,
s24,
s24,
s24,
OFC2,
OFC2,
OFC2,
OFC2,
OFC2,
OFC2,
OFC3,
OFC2,
OFC2,
OFC2,
OFC2,
OFC2,
s24,
s24,
s24,
s24,
s24,
s24,
OFC2,
OFC2,
OFC2,
OFC2,
OFC2,
OFC3,
OFC3,
OFC3,
OFC3,
OFC3,
OFC2,
OFC2,
OFC2,
OFC2,
s32,
s32,
s24,
s24,
s24,
s24,
s32,
OFC2,
OFC2,
OFC2,
OFC2,
OFC2,
OFC3,
OFC3,
OFC3,
OFC3,
OFC3,
OFC3,
OFC3,
OFC3,
OFC2,
OFC2,
OFC2,
s32,
s32,
s32,
s24,
s32,
s32,
s32,
s24,
OFC2,
OFC2,
OFC2,
OFC2,
OFC3,
OFC3,
OFC3,
OFC3,
OFC3,
OFC3,
OFC3,
OFC3,
OFC3,
OFC3,
OFC2,
s32,
s32,
s32,
s32,
s32,
s32,
s32,
s32,
s32,
OFC2,
OFC1,
OFC1,
OFC3,
OFC3,
OFC3,
OFC3,
OFC3,
OFC3,
OFC3,
OFC3,
OFC3,
OFC3,
OFC3,
OFC3,
s32,
s32,
s32,
s32,
s32,
s32,
s32,
s32,
s32,
OFC1,
OFC1,
OFC3,
OFC3,
OFC3,
OFC3,
OFC3,
OFC3,
OFC6,
OFC7,
OFC7,
OFC3,
OFC3,
OFC3,
OFC3,
OFC3,
OFC3,
s32,
s32,
s32,
s32,
s32,
s32,
s32,
s32,
s32,
OFC3,
OFC3,
OFC3,
OFC3,
OFC3,
OFC3,
OFC6,
OFC6,
OFC6,
OFC7,
OFC7,
OFC7,
OFC7,
OFC7,
OFC3,
OFC3,
OFC3,
OFC3,
OFC3,
OFC3,
s32,
s32,
s32,
s32,
s32,
s32,
s32,
s32,
s32,
s32,
OFC3,
OFC3,
OFC3,
OFC3,
OFC3,
OFC3,
OFC6,
OFC6,
OFC6,
OFC6,
OFC6,
OFC7,
OFC7,
OFC7,
OFC7,
OFC7,
OFC3,
OFC3,
OFC3,
OFC3,
OFC3,
s32,
s32,
s32,
s32,
s32,
s32,
s32,
s32,
s32,
s32,
OFC3,
OFC3,
OFC3,
OFC3,
OFC3,
OFC3,
OFC7,
OFC7,
OFC7,
OFC7,
OFC7,
OFC6,
OFC6,
OFC6,
OFC6,
OFC6,
OFC6,
OFC6,
OFC6,
OFC7,
OFC7,
OFC7,
OFC7,
OFC7,
OFC7,
OFC7,
OFC7,
OFC3,
OFC3,
OFC3,
OFC3,
OFC3,
OFC3,
s32,
s32,
s32,
s32,
s32,
s32,
s32,
s32,
s32,
s32,
OFC3,
OFC3,
OFC3,
OFC3,
OFC3,
OFC3,
OFC7,
OFC7,
OFC7,
OFC7,
OFC7,
OFC7,
OFC6,
OFC6,
OFC6,
OFC6,
OFC6,
OFC6,
OFC6,
OFC6,
OFC6,
OFC6,
OFC6,
OFC7,
OFC7,
OFC7,
OFC7,
OFC7,
OFC7,
OFC7,
OFC3,
OFC3,
OFC3,
OFC3,
OFC3,
s32,
s32,
s32,
s32,
s32,
s32,
s32,
s32,
s32,
s32,
OFC3,
OFC3,
OFC3,
OFC3,
OFC3,
OFC3,
OFC7,
OFC7,
OFC7,
OFC7,
OFC7,
OFC7,
OFC7,
OFC6,
OFC6,
OFC6,
OFC6,
OFC6,
OFC6,
OFC6,
OFC6,
OFC6,
OFC6,
OFC6,
OFC7,
OFC7,
OFC7,
OFC7,
OFC7,
OFC3,
OFC3,
OFC3,
OFC3,
OFC3,
s32,
s32,
s32,
s32,
s32,
s32,
s32,
s32,
s32,
OFC3,
OFC3,
OFC3,
OFC3,
OFC3,
OFC3,
OFC7,
OFC7,
OFC7,
OFC7,
OFC7,
OFC7,
OFC7,
OFC6,
OFC6,
OFC6,
OFC6,
OFC6,
OFC6,
OFC6,
OFC6,
OFC6,
OFC6,
OFC6,
OFC7,
OFC7,
OFC7,
OFC7,
OFC3,
OFC3,
OFC3,
OFC3,
OFC3,
s32,
s32,
s32,
s32,
s32,
s32,
s32,
s32,
OFC3,
OFC3,
OFC3,
OFC3,
OFC3,
OFC3,
OFC7,
OFC7,
OFC7,
OFC7,
OFC7,
OFC7,
OFC6,
OFC6,
OFC6,
OFC6,
OFC6,
OFC6,
OFC6,
OFC6,
OFC6,
OFC6,
OFC7,
OFC7,
OFC4,
OFC4,
OFC4,
OFC3,
OFC3,
OFC3,
OFC3,
s32,
p32,
p32,
s32,
OFC3,
OFC3,
OFC3,
OFC3,
OFC3,
OFC3,
OFC4,
OFC4,
OFC4,
OFC7,
OFC7,
OFC6,
OFC6,
OFC6,
OFC6,
OFC6,
OFC6,
OFC6,
OFC6,
OFC6,
OFC6,
OFC6,
OFC6,
OFC4,
OFC4,
OFC4,
OFC4,
OFC4,
OFC4,
OFC3,
OFC3,
FP2,
p32,
OFC3,
OFC3,
OFC3,
OFC3,
OFC3,
OFC4,
OFC4,
OFC4,
OFC4,
OFC4,
OFC4,
OFC6,
OFC6,
OFC6,
OFC6,
OFC6,
OFC6,
OFC6,
OFC6,
OFC6,
OFC6,
OFC4,
OFC4,
OFC4,
OFC4,
OFC4,
OFC4,
OFC4,
OFC4,
OFC4,
OFC3,
OFC3,
OFC3,
OFC3,
OFC3,
OFC4,
OFC4,
OFC4,
OFC4,
OFC4,
OFC4,
OFC4,
OFC6,
OFC6,
OFC6,
OFC6,
OFC6,
OFC6,
OFC6,
OFC6,
OFC4,
OFC4,
OFC4,
OFC4,
OFC4,
OFC4,
OFC4,
OFC4,
OFC4,
OFC3,
FP2,
FP2,
FP2,
OFC3,
OFC3,
OFC4,
OFC4,
OFC4,
OFC4,
OFC4,
OFC4,
OFC4,
OFC6,
OFC6,
OFC6,
OFC6,
OFC6,
OFC6,
OFC6,
OFC5,
OFC4,
OFC4,
OFC4,
OFC4,
OFC4,
OFC4,
OFC4,
OFC4,
OFC3,
FP2,
FP2,
FP2,
FP2,
FP2,
OFC3,
OFC4,
OFC4,
OFC4,
OFC4,
OFC4,
OFC4,
OFC4,
OFC5,
OFC5,
OFC5,
OFC6,
OFC5,
OFC5,
OFC5,
OFC5,
OFC4,
OFC4,
OFC4,
OFC4,
OFC4,
OFC4,
FP2,
FP2,
FP2,
FP2,
FP2,
OFC4,
OFC4,
OFC4,
OFC4,
OFC4,
OFC4,
OFC4,
OFC5,
OFC5,
OFC5,
OFC5,
OFC5,
OFC5,
OFC5,
OFC4,
OFC4,
OFC4,
OFC4,
OFC4,
OFC4,
FP2,
FP2,
FP2,
FP2,
FP2,
FP2,
FP2,
FP2,
OFC4,
OFC4,
OFC4,
OFC4,
OFC4,
OFC4,
OFC4,
OFC5,
OFC5,
OFC5,
OFC5,
OFC5,
OFC4,
OFC4,
OFC4,
OFC4,
FP2,
FP2,
FP2,
FP2,
FP2,
FP2,
FP2,
FP2,
OFC4,
OFC4,
OFC4,
OFC4,
OFC4,
OFC4,
OFC4,
OFC5,
OFC4,
OFC4,
OFC4,
OFC4,
FP2,
FP2,
FP2,
FP2,
FP2,
FP2,
FP2,
OFC4,
OFC4,
OFC4,
OFC4,
OFC4,
OFC4,
OFC4,
OFC4,
OFC4,
FP2,
FP2,
FP2,
FP2,
OFC4,
OFC4,
OFC4,
FP2,
33
33
33
33
25
25
25
25
25
25
25
25
25
25
25
25
25
25
25
25
25
25
25
25
25
OFC2,
OFC2,
OFC2,
OFC2,
25
25
s24,
25
s24,
OFC2,
OFC2,
OFC2,
OFC2,
OFC2,
OFC2,
s24,
s24,
s24,
s24,
s24,
s24,
OFC2,
OFC2,
OFC2,
OFC2,
OFC2,
OFC2,
OFC2,
OFC2,
s24,
s24,
s24,
s24,
s24,
s24,
s24,
OFC2,
OFC2,
OFC2,
OFC2,
OFC2,
OFC2,
OFC2,
s24,
s24,
s24,
s24,
s24,
s24,
s24,
s24,
OFC2,
OFC2,
OFC2,
OFC2,
OFC2,
OFC2,
OFC2,
s32,
s24,
s24,
s24,
s24,
s24,
s24,
s24,
OFC2,
OFC2,
OFC2,
OFC3,
OFC3,
OFC3,
OFC2,
s32,
s32,
s24,
s24,
s24,
s24,
s24,
OFC2,
OFC2,
OFC3,
OFC3,
OFC3,
OFC3,
s32,
s32,
s24,
s24,
s24,
s24,
s24,
s24,
OFC3,
OFC3,
OFC3,
OFC3,
OFC3,
OFC3,
OFC3,
OFC3,
s32,
s32,
s32,
s32,
s24,
s32,
s32,
s32,
s32,
OFC3,
OFC3,
OFC3,
OFC3,
OFC7,
OFC7,
OFC3,
OFC3,
OFC3,
OFC3,
OFC3,
s32,
s32,
s32,
s32,
s32,
s32,
s32,
s32,
s32,
s32,
OFC3,
OFC3,
OFC3,
OFC3,
OFC3,
OFC7,
OFC7,
OFC7,
OFC7,
OFC7,
OFC7,
OFC3,
OFC3,
OFC3,
OFC3,
OFC3,
s32,
s32,
s32,
s32,
s32,
s32,
s32,
s32,
s32,
s32,
OFC3,
OFC3,
OFC3,
OFC3,
OFC3,
OFC6,
OFC6,
OFC6,
OFC6,
OFC6,
OFC7,
OFC7,
OFC7,
OFC7,
OFC7,
OFC7,
OFC7,
OFC3,
OFC3,
OFC3,
OFC3,
OFC3,
OFC3,
s32,
s32,
s32,
s32,
s32,
s32,
s32,
s32,
s32,
s32,
s32,
OFC3,
OFC3,
OFC3,
OFC3,
OFC3,
OFC7,
OFC7,
OFC7,
OFC6,
OFC6,
OFC6,
OFC6,
OFC6,
OFC6,
OFC6,
OFC6,
OFC7,
OFC7,
OFC7,
OFC7,
OFC7,
OFC7,
OFC7,
OFC7,
OFC3,
OFC3,
OFC3,
OFC3,
OFC3,
s32,
s32,
s32,
s32,
s32,
s32,
s32,
s32,
s32,
s32,
s32,
OFC3,
OFC3,
OFC3,
OFC3,
OFC3,
OFC7,
OFC7,
OFC7,
OFC7,
OFC7,
OFC7,
OFC7,
OFC6,
OFC6,
OFC6,
OFC6,
OFC6,
OFC6,
OFC6,
OFC6,
OFC7,
OFC7,
OFC7,
OFC7,
OFC7,
OFC7,
OFC7,
OFC7,
OFC3,
OFC3,
OFC3,
OFC3,
s32,
s32,
s32,
s32,
s32,
s32,
s32,
s32,
s32,
s32,
s32,
OFC3,
OFC3,
OFC3,
OFC3,
OFC7,
OFC7,
OFC7,
OFC7,
OFC7,
OFC7,
OFC7,
OFC6,
OFC6,
OFC6,
OFC6,
OFC6,
OFC6,
OFC6,
OFC6,
OFC6,
OFC7,
OFC7,
OFC7,
OFC7,
OFC7,
OFC7,
OFC7,
OFC7,
OFC3,
OFC3,
OFC3,
s32,
s32,
s32,
s32,
s32,
s32,
s32,
s32,
s32,
s32,
OFC3,
OFC3,
OFC3,
OFC3,
OFC7,
OFC7,
OFC7,
OFC7,
OFC7,
OFC7,
OFC6,
OFC6,
OFC6,
OFC6,
OFC6,
OFC6,
OFC6,
OFC6,
OFC6,
OFC6,
OFC6,
OFC6,
OFC7,
OFC7,
OFC7,
OFC7,
OFC7,
OFC3,
OFC3,
OFC3,
OFC3,
s32,
s32,
s32,
s32,
s32,
s32,
s32,
s32,
s32,
OFC3,
OFC3,
OFC3,
OFC3,
OFC7,
OFC7,
OFC7,
OFC7,
OFC7,
OFC7,
OFC6,
OFC6,
OFC6,
OFC6,
OFC6,
OFC6,
OFC6,
OFC6,
OFC6,
OFC6,
OFC6,
OFC7,
OFC7,
OFC7,
OFC4,
OFC4,
OFC3,
OFC3,
OFC3,
p32,
p32,
p32,
p32,
p32,
p32,
p32,
p32,
p32,
p32,
OFC3,
OFC3,
OFC3,
OFC3,
OFC7,
OFC4,
OFC7,
OFC7,
OFC7,
OFC6,
OFC6,
OFC6,
OFC6,
OFC6,
OFC6,
OFC6,
OFC6,
OFC6,
OFC6,
OFC6,
OFC6,
OFC6,
OFC4,
OFC4,
OFC4,
OFC4,
OFC4,
OFC4,
OFC4,
OFC4,
p32,
p32,
p32,
p32,
p32,
p32,
p32,
OFC3,
OFC3,
OFC3,
OFC4,
OFC4,
OFC4,
OFC4,
OFC4,
OFC7,
OFC6,
OFC6,
OFC6,
OFC6,
OFC6,
OFC6,
OFC6,
OFC6,
OFC6,
OFC6,
OFC6,
OFC4,
OFC4,
OFC4,
OFC4,
OFC4,
OFC4,
OFC4,
OFC4,
FP2,
FP2,
FP2,
FP2,
p32,
p32,
p32,
OFC3,
OFC3,
OFC4,
OFC4,
OFC4,
OFC4,
OFC4,
OFC4,
OFC7,
OFC6,
OFC6,
OFC5,
OFC6,
OFC6,
OFC6,
OFC6,
OFC6,
OFC6,
OFC6,
OFC4,
OFC4,
OFC4,
OFC4,
OFC4,
OFC4,
OFC4,
FP2,
FP2,
FP2,
FP2,
FP2,
p32,
p32,
OFC3,
OFC4,
OFC4,
OFC4,
OFC4,
OFC4,
OFC4,
OFC5,
OFC5,
OFC5,
OFC5,
OFC5,
OFC6,
OFC6,
OFC6,
OFC6,
OFC5,
OFC5,
OFC4,
OFC4,
OFC4,
OFC4,
OFC4,
OFC4,
FP2,
FP2,
FP2,
FP2,
FP2,
FP2,
OFC4,
OFC4,
OFC4,
OFC4,
OFC4,
OFC4,
OFC5,
OFC5,
OFC5,
OFC5,
OFC5,
OFC5,
OFC5,
OFC5,
OFC5,
OFC5,
OFC5,
OFC4,
OFC4,
OFC4,
OFC4,
FP2,
FP2,
FP2,
FP2,
FP2,
FP2,
FP2,
OFC4,
OFC4,
OFC4,
OFC4,
OFC4,
OFC5,
OFC5,
OFC5,
OFC5,
OFC5,
OFC5,
OFC5,
OFC5,
OFC5,
OFC5,
OFC4,
OFC4,
OFC4,
OFC4,
FP2,
FP2,
FP2,
FP2,
FP2,
FP2,
FP2,
OFC4,
OFC4,
OFC4,
OFC4,
OFC4,
OFC5,
OFC5,
OFC5,
OFC5,
OFC5,
OFC5,
OFC5,
OFC5,
OFC5,
OFC4,
OFC4,
OFC4,
OFC4,
FP2,
FP2,
FP2,
FP2,
FP2,
FP2,
FP2,
FP2,
OFC4,
OFC4,
OFC4,
OFC4,
OFC4,
OFC5,
OFC5,
OFC5,
OFC5,
OFC5,
OFC5,
OFC4,
OFC4,
OFC4,
FP2,
FP2,
FP2,
FP2,
FP2,
FP2,
OFC4,
OFC4,
OFC4,
OFC4,
OFC4,
OFC4,
OFC4,
OFC5,
OFC4,
OFC4,
OFC4,
FP2,
FP2,
FP2,
FP2,
FP2,
OFC4,
OFC5,
OFC5,
FP2,
FP2,
FP2,
OFC4,
33
33
33
33
33
33
33
25
25
25
25
25
25
25
25
25
25
25
25
25
25
25
25
25
25
s24,
25
25
25
25
25
s24,
OFC2,
s24,
s24,
s24,
s24,
s24,
s24,
s24,
s24,
OFC2,
s24,
s24,
s24,
s24,
s24,
s24,
s24,
s24,
OFC2,
OFC2,
OFC2,
s24,
s24,
s24,
s24,
s24,
s24,
s24,
OFC2,
OFC2,
s24,
s24,
s24,
s24,
s24,
s24,
s24,
s24,
s24,
s24,
s24,
s24,
s24,
s24,
s32,
s24,
s24,
s24,
s24,
s24,
s24,
s24,
s24,
OFC3,
OFC3,
s32,
s24,
s24,
s24,
s24,
s24,
s24,
s24,
s32,
OFC3,
OFC3,
OFC3,
OFC3,
OFC3,
s32,
s32,
s32,
s24,
s24,
s24,
s24,
s32,
s32,
s32,
OFC3,
OFC3,
OFC3,
OFC3,
OFC7,
OFC7,
OFC7,
OFC7,
OFC3,
OFC3,
OFC3,
OFC3,
s32,
s32,
s32,
s32,
s24,
s24,
s32,
s32,
s32,
s32,
OFC3,
OFC3,
OFC3,
OFC3,
OFC6,
OFC6,
OFC6,
OFC6,
OFC7,
OFC7,
OFC7,
OFC7,
OFC7,
OFC7,
OFC7,
OFC7,
OFC7,
OFC3,
OFC3,
OFC3,
OFC3,
s32,
s32,
s32,
s32,
s24,
s24,
s32,
s32,
s32,
s32,
s32,
OFC3,
OFC3,
OFC7,
OFC7,
OFC6,
OFC6,
OFC6,
OFC6,
OFC6,
OFC6,
OFC6,
OFC7,
OFC7,
OFC7,
OFC7,
OFC7,
OFC7,
OFC7,
OFC7,
OFC7,
OFC3,
OFC3,
OFC3,
s32,
s32,
s32,
s32,
s32,
s32,
s32,
s32,
s32,
s32,
OFC3,
OFC3,
OFC3,
OFC7,
OFC7,
OFC7,
OFC7,
OFC7,
OFC6,
OFC6,
OFC6,
OFC6,
OFC6,
OFC7,
OFC7,
OFC7,
OFC7,
OFC7,
OFC7,
OFC7,
OFC7,
OFC7,
OFC3,
OFC3,
s32,
s32,
s32,
s32,
s32,
s32,
s32,
s32,
s32,
s32,
OFC3,
OFC3,
OFC3,
OFC7,
OFC7,
OFC7,
OFC7,
OFC7,
OFC7,
OFC6,
OFC6,
OFC6,
OFC6,
OFC6,
OFC6,
OFC6,
OFC6,
OFC7,
OFC7,
OFC7,
OFC7,
OFC7,
OFC7,
OFC7,
OFC3,
OFC3,
s32,
s32,
s32,
s32,
s32,
s32,
s32,
s32,
s32,
s32,
s32,
s32,
OFC3,
OFC3,
OFC7,
OFC7,
OFC7,
OFC7,
OFC7,
OFC7,
OFC7,
OFC6,
OFC6,
OFC6,
OFC6,
OFC6,
OFC6,
OFC6,
OFC6,
OFC6,
OFC6,
OFC6,
OFC7,
OFC7,
OFC7,
OFC7,
OFC7,
OFC7,
OFC3,
OFC3,
p32,
p32,
s32,
s32,
p32,
s32,
p32,
s32,
s32,
s32,
p32,
OFC3,
OFC3,
OFC7,
OFC7,
OFC7,
OFC7,
OFC7,
OFC7,
OFC7,
OFC6,
OFC6,
OFC6,
OFC6,
OFC6,
OFC6,
OFC6,
OFC6,
OFC6,
OFC6,
OFC6,
OFC7,
OFC7,
OFC7,
OFC7,
OFC4,
OFC3,
OFC3,
p32,
p32,
p32,
p32,
p32,
p32,
p32,
p32,
p32,
p32,
OFC3,
OFC7,
OFC7,
OFC7,
OFC7,
OFC7,
OFC7,
OFC7,
OFC6,
OFC6,
OFC6,
OFC6,
OFC6,
OFC6,
OFC6,
OFC6,
OFC6,
OFC6,
OFC6,
OFC6,
OFC7,
OFC7,
OFC4,
OFC4,
OFC4,
OFC4,
OFC4,
p32,
p32,
p32,
p32,
p32,
p32,
p32,
p32,
p32,
p32,
OFC4,
OFC4,
OFC4,
OFC7,
OFC7,
OFC6,
OFC6,
OFC6,
OFC6,
OFC6,
OFC6,
OFC6,
OFC6,
OFC6,
OFC6,
OFC6,
OFC6,
OFC4,
OFC4,
OFC4,
OFC4,
OFC4,
OFC4,
p32,
p32,
p32,
p32,
FP2,
p32,
p32,
p32,
p32,
OFC4,
OFC4,
OFC4,
OFC6,
OFC6,
OFC5,
OFC5,
OFC6,
OFC5,
OFC5,
OFC5,
OFC6,
OFC6,
OFC6,
OFC4,
OFC4,
OFC4,
OFC4,
OFC4,
OFC4,
FP2,
FP2,
FP2,
FP2,
FP2,
FP2,
p32,
p32,
p32,
OFC4,
OFC4,
OFC4,
OFC4,
OFC4,
OFC4,
OFC6,
OFC5,
OFC5,
OFC5,
OFC5,
OFC5,
OFC5,
OFC6,
OFC6,
OFC6,
OFC5,
OFC4,
OFC4,
OFC4,
OFC4,
FP2,
FP2,
FP2,
FP2,
FP2,
FP2,
FP2,
p32,
OFC4,
OFC4,
OFC4,
OFC4,
OFC5,
OFC5,
OFC5,
OFC5,
OFC5,
OFC5,
OFC5,
OFC5,
OFC5,
OFC5,
OFC5,
OFC5,
OFC5,
OFC4,
OFC4,
OFC4,
FP2,
FP2,
FP2,
FP2,
FP2,
FP2,
FP2,
FP2,
FP2,
OFC4,
OFC4,
OFC4,
OFC5,
OFC5,
OFC5,
OFC5,
OFC5,
OFC5,
OFC5,
OFC5,
OFC5,
OFC5,
OFC5,
OFC5,
OFC5,
OFC4,
OFC4,
OFC4,
FP2,
FP2,
FP2,
FP2,
FP2,
FP2,
FP2,
FP2,
FP2,
FP2,
OFC4,
OFC4,
OFC4,
OFC5,
OFC5,
OFC5,
OFC5,
OFC5,
OFC5,
OFC5,
OFC5,
OFC5,
OFC5,
OFC5,
OFC4,
FP2,
FP2,
FP2,
FP2,
FP2,
FP2,
FP2,
FP2,
FP2,
FP2,
OFC4,
OFC4,
OFC4,
OFC5,
OFC5,
OFC5,
OFC5,
OFC5,
OFC5,
OFC5,
OFC5,
OFC4,
FP2,
FP2,
FP2,
FP2,
FP2,
FP2,
FP2,
FP2,
OFC4,
OFC4,
OFC4,
OFC5,
OFC5,
OFC5,
OFC5,
FP2,
FP2,
FP2,
FP2,
FP2,
FP2,
FP2,
OFC5,
OFC5,
OFC5,
FP2,
FP2,
FP2,
FP2,
FP2,
33
33
33
33
33
25
33
25
25
25
25
25
25
25
25
25
25
25
25
25
25
25
25
25
25
s24,
s24,
s24,
s24,
s24,
s24,
s24,
s24,
s24,
s24,
s24,
s24,
s24,
s24,
s24,
s24,
s24,
s24,
s24,
s24,
s24,
s24,
s24,
s24,
s24,
s24,
s24,
s24,
s24,
s24,
s24,
s24,
s24,
s24,
s24,
s24,
s24,
s24,
s24,
s24,
s24,
s24,
s24,
s24,
s24,
s24,
s24,
s24,
s32,
s24,
s24,
s24,
s24,
s24,
s24,
s24,
s32,
OFC7,
s32,
s32,
s24,
s24,
s24,
s24,
s24,
s32,
s32,
OFC6,
OFC6,
OFC7,
OFC7,
OFC7,
OFC7,
OFC7,
OFC7,
OFC7,
OFC3,
OFC3,
s32,
s32,
s24,
s24,
s24,
s24,
s32,
s32,
s32,
s32,
OFC7,
OFC6,
OFC6,
OFC6,
OFC6,
OFC6,
OFC7,
OFC7,
OFC7,
OFC7,
OFC7,
OFC7,
OFC7,
OFC7,
s32,
s32,
s32,
s32,
s24,
s24,
s32,
s32,
s32,
s32,
s32,
OFC7,
OFC7,
OFC7,
OFC7,
OFC6,
OFC6,
OFC6,
OFC7,
OFC7,
OFC7,
OFC7,
OFC7,
OFC7,
OFC7,
OFC7,
OFC7,
s32,
s32,
s32,
s32,
s32,
s32,
s32,
s32,
s32,
OFC7,
OFC7,
OFC7,
OFC7,
OFC7,
OFC7,
OFC6,
OFC6,
OFC6,
OFC6,
OFC7,
OFC7,
OFC7,
OFC7,
OFC7,
OFC7,
OFC7,
p32,
s32,
s32,
s32,
s32,
s32,
s32,
s32,
s32,
p32,
p32,
OFC7,
OFC7,
OFC7,
OFC7,
OFC7,
OFC7,
OFC6,
OFC6,
OFC6,
OFC6,
OFC6,
OFC6,
OFC6,
OFC6,
OFC7,
OFC7,
p32,
p32,
p32,
p32,
p32,
p32,
p32,
p32,
p32,
p32,
p32,
p32,
OFC7,
OFC7,
OFC7,
OFC7,
OFC7,
OFC7,
OFC6,
OFC6,
OFC6,
OFC6,
OFC6,
OFC6,
OFC6,
OFC6,
p32,
p32,
p32,
p32,
p32,
p32,
p32,
p32,
p32,
p32,
p32,
p32,
OFC7,
OFC7,
OFC7,
OFC7,
OFC7,
OFC6,
OFC6,
OFC6,
OFC6,
OFC6,
OFC6,
OFC6,
OFC6,
p32,
p32,
p32,
p32,
p32,
p32,
p32,
p32,
p32,
p32,
p32,
OFC6,
OFC6,
OFC6,
OFC6,
OFC6,
OFC6,
OFC5,
OFC5,
OFC5,
p32,
p32,
p32,
p32,
p32,
p32,
p32,
p32,
p32,
p32,
p32,
OFC6,
OFC6,
OFC5,
OFC6,
OFC5,
OFC5,
OFC5,
OFC5,
OFC6,
p32,
FP2,
p32,
FP2,
FP2,
FP2,
p32,
p32,
p32,
p32,
p32,
OFC6,
OFC6,
OFC5,
OFC5,
OFC5,
OFC6,
OFC5,
OFC5,
OFC5,
OFC5,
OFC6,
OFC6,
OFC5,
OFC5,
OFC4,
FP2,
FP2,
FP2,
FP2,
FP2,
FP2,
FP2,
FP2,
p32,
p32,
p32,
OFC5,
OFC5,
OFC5,
OFC5,
OFC5,
OFC5,
OFC5,
OFC5,
OFC5,
OFC5,
OFC5,
OFC5,
OFC5,
OFC5,
OFC5,
OFC4,
FP2,
FP2,
FP2,
FP2,
FP2,
FP2,
FP2,
FP2,
FP2,
FP2,
OFC4,
OFC5,
OFC5,
OFC5,
OFC5,
OFC5,
OFC5,
OFC5,
OFC5,
OFC5,
OFC5,
OFC5,
OFC5,
OFC5,
OFC5,
FP2,
FP2,
FP2,
FP2,
FP2,
FP2,
FP2,
FP2,
FP2,
FP2,
OFC4,
OFC4,
OFC5,
OFC5,
OFC5,
OFC5,
OFC5,
OFC5,
OFC5,
OFC5,
OFC5,
OFC5,
FP2,
FP2,
FP2,
FP2,
FP2,
FP2,
FP2,
FP2,
FP2,
FP2,
OFC4,
OFC4,
OFC5,
OFC5,
OFC5,
OFC5,
OFC5,
OFC5,
OFC5,
OFC5,
FP2,
FP2,
FP2,
FP2,
FP2,
FP2,
FP2,
FP2,
FP2,
OFC5,
OFC5,
OFC5,
OFC5,
OFC5,
FP2,
FP2,
FP2,
FP2,
FP2,
FP2,
FP2,
FP2,
FP2,
FP2,
FP2,
FP2,
FP2,
FP2,
33
33
33
33
33
33
33
33
25
25
25
25
25
25
25
25
25
25
25
25
25
s24,
s24,
s24,
s24,
s24,
s24,
s24,
s24,
s24,
s24,
s24,
s24,
s24,
s24,
s24,
s24,
s24,
s24,
s24,
s24,
s24,
s24,
s24,
s24,
s24,
s24,
s24,
s24,
s24,
s24,
s24,
s24,
s24,
s24,
s24,
s24,
s24,
s24,
s24,
s24,
s24,
s24,
s24,
s32,
p24ab,
s24,
s24,
s24,
s24,
p24ab,
p24ab,
OFC7,
OFC7,
OFC7,
OFC7,
OFC7,
p24ab,
p24ab,
p24ab,
p24ab,
p24ab,
p24ab,
p24ab,
p24c,
OFC6,
OFC6,
OFC7,
OFC7,
OFC7,
OFC7,
OFC7,
p24ab,
p24ab,
p24ab,
p24ab,
p24ab,
p24c,
p24c,
p24c,
p24c,
OFC6,
OFC6,
OFC6,
OFC7,
OFC7,
OFC7,
OFC7,
s32,
s32,
p24ab,
p24ab,
p24ab,
p24ab,
p24c,
p24c,
p24c,
p24c,
OFC7,
OFC7,
OFC6,
OFC6,
p32,
p32,
p32,
p32,
p32,
p32,
s32,
p32,
p32,
p32,
p32,
OFC7,
OFC7,
OFC6,
OFC6,
OFC6,
OFC6,
p32,
p32,
p32,
p32,
p32,
p32,
p32,
p32,
p32,
p32,
p32,
OFC7,
OFC7,
OFC6,
OFC6,
OFC6,
OFC6,
p32,
p32,
p32,
p32,
p32,
p32,
p32,
p32,
p32,
p32,
p32,
p32,
OFC6,
OFC6,
OFC6,
OFC6,
p32,
p32,
p32,
p32,
p32,
p32,
p32,
p32,
p32,
p32,
p32,
p32,
OFC6,
OFC6,
OFC6,
OFC6,
OFC6,
OFC5,
p32,
p32,
p32,
p32,
p32,
p32,
p32,
p32,
p32,
p32,
OFC5,
OFC5,
OFC6,
OFC5,
OFC5,
OFC5,
p32,
p32,
p32,
p32,
p32,
p32,
p32,
p32,
p32,
p32,
OFC5,
OFC5,
OFC5,
OFC5,
OFC5,
OFC5,
OFC5,
FP2,
FP2,
FP2,
FP2,
FP2,
p32,
p32,
p32,
p32,
p32,
OFC5,
OFC5,
OFC5,
OFC6,
OFC5,
OFC5,
OFC5,
OFC5,
OFC5,
FP2,
FP2,
FP2,
FP2,
FP2,
FP2,
FP2,
FP2,
FP2,
p32,
OFC5,
OFC5,
OFC5,
OFC5,
OFC5,
OFC5,
OFC5,
OFC5,
OFC5,
OFC5,
OFC5,
OFC5,
FP2,
FP2,
FP2,
FP2,
FP2,
FP2,
FP2,
FP2,
FP2,
OFC5,
OFC5,
OFC5,
OFC5,
OFC5,
OFC5,
OFC5,
OFC5,
OFC5,
OFC5,
FP2,
FP2,
FP2,
FP2,
FP2,
FP2,
FP2,
FP2,
FP2,
FP2,
OFC5,
OFC5,
OFC5,
OFC5,
OFC5,
OFC5,
OFC5,
OFC5,
FP2,
FP2,
FP2,
FP2,
FP2,
FP2,
FP2,
FP2,
FP2,
FP2,
FP2,
FP2,
FP2,
FP2,
FP2,
FP2,
FP2,
FP2,
FP2,
FP2,
FP2,
FP2,
FP2,
FP2,
FP2,
FP2,
FP2,
FP2,
33
33
33
33
33
33
33
25
33
33
33
25
25
25
25
25
25
25
25
s24,
s24,
s24,
s24,
s24,
s24,
s24,
s24,
s24,
s24,
s24,
s24,
s24,
s24,
s24,
s24,
s24,
s24,
s24,
s24,
s24,
s24,
s24,
s24,
s24,
33
s24,
s24,
s24,
s24,
33
s24,
s24,
s24,
s24,
33
p24ab,
p24ab,
s24,
p24ab,
s24,
s24,
p24ab,
p24ab,
p24ab,
p24ab,
p24ab,
p24ab,
p24ab,
p24ab,
p24ab,
p24ab,
p24ab,
p24ab,
p24ab,
p24ab,
p24ab,
p24ab,
p24ab,
p24ab,
p24ab,
p24ab,
p24ab,
p24c,
OFC6,
p24ab,
p24ab,
p24ab,
p24ab,
p24ab,
p24ab,
p24c,
p24c,
p24c,
p32,
p32,
p24c,
p24ab,
p24ab,
p24ab,
p24c,
p24c,
p24c,
p32,
p32,
OFC6,
p32,
p32,
p32,
p32,
p32,
p32,
p32,
p32,
p32,
p32,
p32,
OFC6,
p32,
p32,
p32,
p32,
p32,
p32,
p32,
p32,
p32,
p32,
p32,
p32,
p32,
OFC6,
OFC6,
p32,
p32,
p32,
p32,
p32,
p32,
p32,
p32,
p32,
p32,
p32,
p32,
OFC5,
OFC6,
p32,
p32,
p32,
p32,
p32,
p32,
p32,
p32,
p32,
p32,
OFC5,
OFC5,
p32,
p32,
p32,
p32,
p32,
p32,
p32,
p32,
p32,
OFC5,
FP2,
FP2,
FP2,
FP2,
p32,
p32,
p32,
p32,
p32,
OFC5,
OFC5,
FP2,
FP2,
FP2,
FP2,
FP2,
FP2,
FP2,
p32,
OFC5,
OFC5,
OFC5,
OFC5,
OFC5,
OFC5,
OFC5,
OFC5,
FP2,
FP2,
FP2,
FP2,
FP2,
FP2,
FP2,
FP2,
OFC5,
OFC5,
OFC5,
OFC5,
OFC5,
OFC5,
OFC5,
OFC5,
FP2,
FP2,
FP2,
FP2,
FP2,
FP2,
FP2,
FP2,
OFC5,
OFC5,
OFC5,
OFC5,
FP2,
FP2,
FP2,
FP2,
FP2,
FP2,
FP2,
FP2,
OFC5,
FP2,
FP2,
FP2,
FP2,
FP2,
FP2,
FP2,
FP2,
FP2,
FP2,
FP2,
FP2,
FP2,
FP2,
FP2,
FP2,
FP2,
FP2,
FP2,
FP2,
33
33
33
33
33
33
33
33
33
25
33
33
25
33
33
33
s24,
33
33
33
33
s24,
33
33
33
33
s24,
33
33
33
33
33
33
33
33
33
33
33
33
33
33
33
33
33
33
33
33
33
s24,
33
33
p24ab,
p24ab,
p24ab,
p24ab,
p24ab,
33
p24ab,
p24ab,
p24ab,
p24ab,
p24ab,
33
p24ab,
p24ab,
p24ab,
p24ab,
p24ab,
p24ab,
p24ab,
p24ab,
p24ab,
p24ab,
p24ab,
p24ab,
p24ab,
p24ab,
p24ab,
p24ab,
p24ab,
p24ab,
p24ab,
p24ab,
p24ab,
p24c,
p24c,
p24c,
p24c,
p24c,
p24ab,
p24ab,
p24ab,
p24ab,
p24c,
p24c,
p24c,
p32,
p32,
p32,
p24c,
p24c,
p24ab,
p24ab,
p24ab,
p24ab,
p24c,
p24c,
p32,
p32,
p32,
p32,
p32,
p32,
p32,
p32,
p32,
p32,
p32,
p32,
p32,
p32,
p32,
p32,
p32,
p32,
p32,
p32,
p32,
p32,
p32,
p32,
p32,
p32,
p32,
p32,
p32,
p32,
p32,
p32,
p32,
p32,
p32,
p32,
p32,
p32,
p32,
p32,
p32,
p32,
p32,
p32,
p32,
p32,
p32,
p32,
p32,
p32,
p32,
FP2,
FP2,
FP2,
FP2,
p32,
p32,
p32,
p32,
p32,
p32,
FP2,
FP2,
FP2,
FP2,
FP2,
FP2,
FP2,
FP2,
FP2,
p32,
OFC5,
OFC5,
OFC5,
FP2,
FP2,
FP2,
FP2,
FP2,
FP2,
FP2,
FP2,
FP2,
FP2,
OFC5,
OFC5,
OFC5,
OFC5,
OFC5,
FP2,
FP2,
FP2,
FP2,
FP2,
FP2,
FP2,
FP2,
FP2,
FP2,
OFC5,
OFC5,
OFC5,
OFC5,
FP2,
FP2,
FP2,
FP2,
FP2,
FP2,
FP2,
FP2,
FP2,
OFC5,
FP2,
FP2,
FP2,
FP2,
FP2,
FP2,
FP2,
FP2,
FP2,
FP2,
FP2,
FP2,
FP2,
FP2,
FP2,
FP2,
FP2,
FP2,
33
33
33
33
33
33
33
33
33
33
33
33
33
33
33
33
33
33
33
33
33
33
33
33
33
33
33
33
33
33
33
33
33
33
33
33
33
33
33
33
33
33
33
33
33
33
33
33
33
33
33
33
33
p24ab,
p24ab,
p24ab,
p24ab,
33
33
p24ab,
p24ab,
p24ab,
p24ab,
p24ab,
33
p24ab,
p24ab,
p24ab,
p24ab,
p24ab,
p24ab,
p24ab,
p24ab,
p24c,
p24ab,
p24ab,
p24ab,
p24ab,
p24ab,
p24ab,
p24c,
p24c,
p24c,
p24c,
p24ab,
p24ab,
p24ab,
p24ab,
p24ab,
p24c,
p24c,
p24c,
p32,
p32,
p24c,
p24c,
p24c,
p24ab,
p24ab,
p24ab,
p24c,
p24c,
p24c,
p24c,
p32,
p32,
p32,
p32,
p32,
p24ab,
p24ab,
p24c,
p24c,
p24c,
p24c,
p32,
p32,
p32,
p32,
p32,
p32,
p32,
p32,
p32,
p32,
p32,
p32,
p32,
p32,
p32,
p32,
p32,
p32,
p32,
p32,
p32,
p32,
p32,
p32,
p32,
p32,
p32,
p32,
p32,
p32,
p32,
p32,
p32,
p32,
p32,
p32,
p32,
p32,
p32,
p32,
p32,
p32,
p32,
p32,
p32,
p32,
p32,
p32,
p32,
FP2,
FP2,
FP2,
FP2,
FP2,
FP2,
p32,
p32,
p32,
p32,
FP2,
FP2,
FP2,
FP2,
FP2,
FP2,
FP2,
FP2,
FP2,
FP2,
OFC5,
OFC5,
OFC5,
OFC5,
FP2,
FP2,
FP2,
FP2,
FP2,
FP2,
FP2,
FP2,
FP2,
FP2,
OFC5,
OFC5,
OFC5,
OFC5,
FP2,
FP2,
FP2,
FP2,
FP2,
FP2,
FP2,
FP2,
FP2,
FP2,
FP2,
OFC5,
OFC5,
FP2,
FP2,
FP2,
FP2,
FP2,
FP2,
FP2,
FP2,
FP2,
FP2,
FP2,
FP2,
FP2,
FP2,
FP2,
FP2,
FP2,
FP2,
FP2,
FP2,
FP2,
FP2,
FP2,
FP2,
33
33
33
33
33
33
33
33
33
33
33
33
33
33
33
33
33
33
33
p24ab,
p24ab,
33
33
p24ab,
p24ab,
p24ab,
p24ab,
p24ab,
33
p24ab,
p24ab,
p24ab,
p24ab,
p24ab,
33
p24ab,
p24ab,
p24ab,
p24ab,
p24ab,
p24ab,
p24c,
p24ab,
p24ab,
p24ab,
p24ab,
p24ab,
p24ab,
p24ab,
p24c,
p24c,
p24c,
p24ab,
p24ab,
p24ab,
p24ab,
p24ab,
p24ab,
p24c,
p24c,
p24c,
p24c,
p24c,
p24c,
p24ab,
p24ab,
p24ab,
p24ab,
p24ab,
p24c,
p24c,
p24c,
p24c,
p24c,
p32,
p32,
p32,
p24c,
p24c,
p24ab,
p24ab,
p24c,
p24c,
p24c,
p24c,
p24c,
p24c,
p32,
p32,
p32,
p32,
p32,
p32,
p32,
p24c,
p32,
p32,
p32,
p32,
p32,
p32,
p32,
p32,
p32,
p32,
p32,
p32,
p32,
p32,
p32,
p32,
p32,
p32,
p32,
p32,
p32,
p32,
p32,
p32,
p32,
p32,
p32,
p32,
p32,
p32,
p32,
p32,
p32,
p32,
p32,
p32,
p32,
p32,
p32,
p32,
p32,
p32,
FP2,
p32,
p32,
p32,
p32,
p32,
p32,
FP2,
FP2,
FP2,
FP2,
FP2,
FP2,
p32,
p32,
p32,
OFC5,
OFC5,
OFC5,
FP2,
FP2,
FP2,
FP2,
FP2,
FP2,
FP2,
FP2,
FP2,
FP2,
OFC5,
OFC5,
OFC5,
OFC5,
FP2,
FP2,
FP2,
FP2,
FP2,
FP2,
FP2,
FP2,
FP2,
FP2,
OFC5,
OFC5,
FP2,
FP2,
FP2,
FP2,
FP2,
FP2,
FP2,
FP2,
FP2,
FP2,
FP2,
FP2,
FP2,
FP2,
FP2,
FP2,
FP2,
FP2,
FP2,
FP2,
FP2,
FP2,
FP2,
FP2,
FP2,
FP2,
FP2,
FP2,
FP2,
FP2,
FP2,
FP2,
p24ab,
33
p24ab,
p24ab,
p24ab,
p24ab,
33
p24ab,
p24ab,
p24ab,
p24ab,
p24ab,
33
p24ab,
p24ab,
p24ab,
p24ab,
p24ab,
p24ab,
p24c,
p24ab,
p24ab,
p24ab,
p24ab,
p24ab,
p24ab,
p24ab,
p24c,
p24c,
p24c,
p24c,
p24ab,
p24ab,
p24ab,
p24ab,
p24ab,
p24ab,
p24c,
p24c,
p24c,
p24c,
p24c,
p24c,
p24ab,
p24ab,
p24ab,
p24ab,
p24c,
p24c,
p24c,
p24c,
p24c,
p32,
p32,
p24c,
p24c,
p24c,
p24ab,
p24ab,
p24ab,
p24c,
p24c,
p24c,
p24c,
p24c,
p24c,
p32,
p32,
p32,
p32,
p32,
p32,
p24ab,
p24c,
p24c,
p24c,
p24c,
p32,
p32,
p32,
p32,
p32,
p32,
p32,
p32,
p32,
p32,
p32,
p32,
p32,
p32,
p32,
p32,
p32,
p32,
p32,
p32,
p32,
p32,
p32,
p32,
p32,
p32,
p32,
p32,
p32,
p32,
p32,
p32,
p32,
p32,
p32,
p32,
p32,
p32,
p32,
p32,
p32,
p32,
p32,
p32,
p32,
p32,
p32,
p32,
p32,
p32,
p32,
p32,
p32,
p32,
p32,
FP2,
FP2,
p32,
p32,
p32,
p32,
OFC5,
FP2,
FP2,
FP2,
FP2,
FP2,
FP2,
FP2,
FP2,
FP2,
FP2,
OFC5,
OFC5,
FP2,
FP2,
FP2,
FP2,
FP2,
FP2,
FP2,
FP2,
FP2,
FP2,
OFC5,
OFC5,
OFC5,
FP2,
FP2,
FP2,
FP2,
FP2,
FP2,
FP2,
FP2,
FP2,
FP2,
OFC5,
FP2,
FP2,
FP2,
FP2,
FP2,
FP2,
FP2,
FP2,
FP2,
FP2,
FP2,
FP2,
FP2,
FP2,
FP2,
FP2,
FP2,
FP2,
FP2,
FP2,
FP2,
33
p24ab,
33
33
p24ab,
p24ab,
33
33
p24ab,
p24ab,
p24ab,
p24ab,
p24ab,
33
p24c,
p24ab,
p24ab,
p24ab,
p24ab,
p24ab,
p24ab,
p24c,
p24c,
p24c,
p24c,
p24ab,
p24ab,
p24ab,
p24ab,
p24ab,
p24ab,
p24ab,
p24c,
p24c,
p24c,
p24c,
p24ab,
p24ab,
p24ab,
p24ab,
p24ab,
p24ab,
p24c,
p24c,
p24c,
p32,
p32,
p24c,
p24c,
p24c,
p24ab,
p24ab,
p24ab,
p24ab,
p24c,
p24c,
p24c,
p24c,
p24c,
p24c,
p32,
p32,
p32,
p32,
p32,
p32,
p24ab,
p24c,
p24c,
p24c,
p24c,
p32,
p32,
p32,
p32,
p32,
p32,
p32,
p32,
p32,
p24c,
p24c,
p24c,
p32,
p32,
p32,
p32,
p32,
p32,
p32,
p32,
p32,
p32,
p32,
p32,
p32,
p32,
p32,
p32,
p32,
p32,
p32,
p32,
p32,
p32,
p32,
p32,
p32,
p32,
p32,
p32,
p32,
p32,
p32,
p32,
p32,
p32,
p32,
p32,
p32,
p32,
p32,
p32,
p32,
p32,
p32,
p32,
p32,
p32,
p32,
p32,
p32,
p32,
p32,
p32,
p32,
p32,
FP2,
FP2,
FP2,
FP2,
FP2,
p32,
p32,
FP2,
OFC5,
FP2,
FP2,
FP2,
FP2,
FP2,
FP2,
FP2,
FP2,
FP2,
OFC5,
OFC5,
FP2,
FP2,
FP2,
FP2,
FP2,
FP2,
FP2,
FP2,
FP2,
FP2,
FP2,
FP2,
FP2,
FP2,
FP2,
FP2,
FP2,
FP2,
FP2,
FP2,
FP2,
FP2,
FP2,
FP2,
FP2,
FP2,
FP2,
33
p24ab,
p24ab,
p24ab,
33
33
p24ab,
p24ab,
p24ab,
p24ab,
p24ab,
p24ab,
33
p24c,
p24c,
p24ab,
p24ab,
p24ab,
p24ab,
p24ab,
p24c,
p24c,
p24c,
p24c,
p24ab,
p24ab,
p24ab,
p24ab,
p24ab,
p24ab,
p24ab,
p24c,
p24c,
p24c,
p24c,
p24c,
p24ab,
p24ab,
p24ab,
p24ab,
p24ab,
p24ab,
p24c,
p24c,
p32,
p24c,
p24c,
p24c,
p24c,
p24ab,
p24ab,
p24ab,
p24ab,
p24c,
p24c,
p24c,
p24c,
p24c,
p24c,
p32,
p32,
p32,
p24c,
p24c,
p32,
p24ab,
p24c,
p24c,
p24c,
p24c,
p32,
p32,
p32,
p32,
p32,
p32,
p32,
p24c,
p24c,
p24c,
p24c,
p24c,
p32,
p32,
p32,
p32,
p32,
p32,
p32,
p32,
p32,
p32,
p32,
p32,
p32,
p32,
p32,
p32,
p32,
p32,
p32,
p32,
p32,
p32,
p32,
p32,
p32,
p32,
p32,
p32,
p32,
p32,
p32,
p32,
p32,
p32,
p32,
p32,
p32,
p32,
p32,
p32,
p32,
p32,
p32,
p32,
p32,
p32,
p32,
p32,
p32,
p32,
p32,
p32,
p32,
p32,
p32,
p32,
p32,
FP2,
FP2,
FP2,
FP2,
FP2,
p32,
p32,
p32,
FP2,
FP2,
FP2,
FP2,
FP2,
FP2,
FP2,
FP2,
FP2,
FP2,
FP2,
FP2,
FP2,
FP2,
FP2,
FP2,
FP2,
FP2,
FP2,
FP2,
FP2,
FP2,
FP2,
FP2,
FP2,
FP2,
FP2,
FP2,
FP2,
FP2,
FP2,
FP2,
FP2,
FP2,
FP2,
FP2,
FP2,
p24ab,
33
p24ab,
p24ab,
p24ab,
p24ab,
33
p24ab,
p24ab,
p24ab,
p24ab,
p24ab,
p24ab,
33
p24c,
p24c,
p24ab,
p24ab,
p24ab,
p24ab,
p24ab,
p24c,
p24c,
p24c,
p24c,
p24c,
p24ab,
p24ab,
p24ab,
p24ab,
p24ab,
p24ab,
p24c,
p24c,
p24c,
p24c,
p24c,
p24c,
p24ab,
p24ab,
p24ab,
p24ab,
p24ab,
p24ab,
p24c,
p24c,
p32,
p24c,
p24c,
p24c,
p24c,
p24ab,
p24ab,
p24ab,
p24c,
p24c,
p24c,
p24c,
p24c,
p24c,
p32,
p32,
p32,
p24c,
p24c,
p32,
p24ab,
p24c,
p24c,
p24c,
p32,
p32,
p32,
p32,
p32,
p32,
p24c,
p24c,
p24c,
p24c,
p24c,
p32,
p32,
p32,
p32,
p32,
p32,
p32,
p32,
p32,
p32,
p32,
p32,
p32,
p32,
p32,
p32,
p32,
p32,
p32,
p32,
p32,
p32,
p32,
p32,
p32,
p32,
p32,
p32,
p32,
p32,
p32,
p32,
p32,
p32,
p32,
p32,
p32,
p32,
p32,
p32,
p32,
p32,
p32,
p32,
p32,
p32,
p32,
p32,
p32,
p32,
p32,
p32,
p32,
p32,
FP2,
FP2,
FP2,
FP2,
FP2,
p32,
p32,
p32,
p32,
FP2,
FP2,
FP2,
FP2,
FP2,
FP2,
FP2,
FP2,
FP2,
FP2,
FP2,
FP2,
FP2,
FP2,
FP2,
FP2,
FP2,
FP2,
FP2,
FP2,
FP2,
FP2,
FP2,
FP2,
FP2,
FP2,
FP2,
FP2,
FP2,
FP2,
FP2,
FP2,
FP2,
FP2,
FP2,
FP2,
33
p24ab,
33
p24ab,
p24ab,
p24ab,
p24ab,
33
33
p24ab,
p24ab,
p24ab,
p24ab,
33
p24c,
p24c,
p24c,
p24ab,
p24ab,
p24ab,
p24ab,
p24ab,
p24c,
p24c,
p24c,
p24c,
p24c,
p24ab,
p24ab,
p24ab,
p24ab,
p24ab,
p24ab,
p24c,
p24c,
p24c,
p24c,
p24c,
p24c,
p24c,
p24ab,
p24ab,
p24ab,
p24ab,
p24ab,
p24c,
p24c,
p24c,
p24c,
p24c,
p24c,
p24c,
p24c,
p24c,
p24c,
p24ab,
p24ab,
p24c,
p24c,
p24c,
p24c,
p24c,
p24c,
p32,
p32,
p32,
p32,
p32,
p32,
p32,
p24c,
p24c,
p24c,
p24c,
p32,
p32,
p32,
p32,
p32,
p32,
p24c,
p24c,
p24c,
p24c,
p24c,
p24c,
p32,
p32,
p32,
p32,
p32,
p32,
p32,
p32,
p32,
p32,
p32,
p32,
p32,
p32,
p32,
p32,
p32,
p32,
p32,
p32,
p32,
p32,
p32,
p32,
p32,
p32,
p32,
p32,
p32,
p32,
p32,
p32,
p32,
p32,
p32,
p32,
p32,
p32,
p32,
p32,
p32,
p32,
p32,
p32,
p32,
p32,
p32,
p32,
p32,
p32,
p32,
p32,
p32,
p32,
p32,
p32,
p32,
p32,
p32,
p32,
p32,
FP2,
FP2,
FP2,
FP2,
FP2,
FP2,
FP2,
FP2,
FP2,
FP2,
FP2,
FP2,
FP2,
FP2,
FP2,
FP2,
FP2,
FP2,
FP2,
FP2,
FP2,
FP2,
FP2,
FP2,
FP2,
FP2,
FP2,
FP2,
FP2,
FP2,
FP2,
FP2,
FP2,
FP2,
FP2,
FP2,
33
33
p24ab,
33
p24ab,
p24ab,
p24ab,
p24ab,
33
33
p24ab,
p24ab,
p24ab,
p24ab,
p24ab,
p24ab,
p24c,
p24c,
p24c,
p24ab,
p24ab,
p24ab,
p24ab,
p24ab,
p24ab,
p24c,
p24c,
p24c,
p24c,
p24c,
p24c,
p24ab,
p24ab,
p24ab,
p24ab,
p24ab,
p24c,
p24c,
p24c,
p24c,
p24c,
p24c,
p24c,
p24c,
p24ab,
p24ab,
p24ab,
p24ab,
p24ab,
p24c,
p24c,
p24c,
p24c,
p24c,
p24c,
p24c,
p24c,
p24c,
p24c,
p24ab,
p24c,
p24c,
p24c,
p24c,
p32,
p32,
p32,
p32,
p32,
p32,
p24c,
p24c,
p24c,
p24c,
p24c,
p24c,
p32,
p32,
p32,
p32,
p32,
p32,
p32,
p32,
p32,
p24c,
p24c,
p24c,
p24c,
p32,
p32,
p32,
p32,
p32,
p32,
p32,
p32,
p32,
p32,
p32,
p32,
p32,
p32,
p32,
p32,
p32,
p32,
p32,
p32,
p32,
p32,
p32,
p32,
p32,
p32,
p32,
p32,
p32,
p32,
p32,
p32,
p32,
p32,
p32,
p32,
p32,
p32,
p32,
p32,
p32,
p32,
p32,
p32,
p32,
p32,
p32,
p32,
p32,
p32,
p32,
p32,
p32,
p32,
p32,
p32,
p32,
p32,
p32,
p32,
FP2,
FP2,
FP2,
FP2,
p32,
p32,
p32,
p32,
FP2,
FP2,
FP2,
FP2,
FP2,
FP2,
FP2,
FP2,
FP2,
FP2,
FP2,
FP2,
FP2,
FP2,
FP2,
FP2,
FP2,
FP2,
FP2,
33
33
33
33
p24ab,
33
33
33
p24ab,
p24ab,
p24ab,
33
33
p24ab,
p24ab,
p24ab,
p24ab,
p24ab,
p24ab,
p24ab,
p24c,
p24c,
p24c,
p24c,
p24ab,
p24ab,
p24ab,
p24ab,
p24ab,
p24ab,
p24c,
p24c,
p24c,
p24c,
p24c,
p24c,
p24ab,
p24ab,
p24ab,
p24ab,
p24ab,
p24c,
p24c,
p24c,
p24c,
p24c,
p24c,
p24c,
p24c,
p24c,
p24ab,
p24ab,
p24ab,
p24ab,
p24ab,
p24c,
p24c,
p24c,
p24c,
p24c,
p24c,
p24c,
p24c,
p24c,
p32,
p24ab,
p24c,
p24c,
p24c,
p24c,
p24c,
p32,
p32,
p32,
p32,
p32,
p32,
p24c,
p24c,
p24c,
p24c,
p24c,
p24c,
p32,
p32,
p32,
p32,
p32,
p32,
p32,
p32,
p32,
p32,
p32,
p32,
p32,
p32,
p32,
p32,
p32,
p32,
p32,
p32,
p32,
p32,
p32,
p32,
p32,
p32,
p32,
p32,
p32,
p32,
p32,
p32,
p32,
p32,
p32,
p32,
p32,
p32,
p32,
p32,
p32,
p32,
p32,
p32,
p32,
p32,
p32,
p32,
p32,
p32,
p32,
p32,
p32,
p32,
p32,
p32,
p32,
p32,
p32,
p32,
p32,
p32,
p32,
p32,
p32,
p32,
p32,
p32,
FP2,
FP2,
FP2,
p32,
p32,
p32,
FP2,
FP2,
FP2,
FP2,
FP2,
FP2,
FP2,
FP2,
FP2,
FP2,
FP2,
FP2,
FP2,
33
33
33
33
33
33
33
33
p24ab,
p24ab,
33
33
33
p24ab,
p24ab,
p24ab,
33
p24ab,
p24ab,
p24ab,
p24ab,
p24c,
p24c,
p24c,
p24c,
p24c,
p24ab,
p24ab,
p24ab,
p24ab,
p24c,
p24c,
p24c,
p24c,
p24c,
p24c,
p24c,
p24c,
p24ab,
p24ab,
p24ab,
p24ab,
p24ab,
p24c,
p24c,
p24c,
p24c,
p24c,
p24c,
p24c,
p24c,
p24c,
p24c,
p24ab,
p24ab,
p24ab,
p24c,
p24c,
p24c,
p24c,
p24c,
p24c,
p24c,
p24c,
p24c,
p32,
p32,
p24c,
p24c,
p24c,
p24c,
p24c,
p32,
p32,
p32,
p32,
p32,
p32,
p24c,
p24c,
p24c,
p24c,
p24c,
p32,
p32,
p32,
p32,
p32,
p32,
p32,
p32,
p32,
p32,
p32,
p32,
p32,
p32,
p32,
p32,
p32,
p32,
p32,
p32,
p32,
p32,
p32,
p32,
p32,
p32,
p32,
p32,
p32,
p32,
p32,
p32,
p32,
p32,
p32,
p32,
p32,
p32,
p32,
p32,
p32,
p32,
p32,
p32,
p32,
p32,
p32,
p32,
p32,
p32,
p32,
p32,
p32,
p32,
p32,
p32,
p32,
p32,
p32,
p32,
p32,
p32,
p32,
p32,
p32,
p32,
p32,
p32,
p32,
FP2,
FP2,
FP2,
FP2,
33
33
33
33
33
33
33
33
33
33
33
33
33
33
33
33
33
p24ab,
p24ab,
p24c,
p24ab,
p24ab,
p24ab,
p24ab,
p24c,
p24c,
p24c,
p24c,
p24ab,
p24ab,
p24ab,
p24c,
p24c,
p24c,
p24c,
p24c,
p24c,
p24c,
p24c,
p24c,
p24ab,
p24ab,
p24ab,
p24c,
p24c,
p24c,
p24c,
p24c,
p24c,
p24c,
p24c,
p24c,
p24c,
p24ab,
p24c,
p24c,
p24c,
p32,
p24c,
p24c,
p24c,
p24c,
p24c,
p24c,
p24c,
p32,
p32,
p32,
p32,
p32,
p32,
p32,
p24c,
p24c,
p24c,
p32,
p32,
p32,
p32,
p32,
p32,
p32,
p32,
p32,
p32,
p32,
p32,
p32,
p32,
p32,
p32,
p32,
p32,
p32,
p32,
p32,
p32,
p32,
p32,
p32,
p32,
p32,
p32,
p32,
p32,
p32,
p32,
p32,
p32,
p32,
p32,
p32,
p32,
p32,
p32,
p32,
p32,
p32,
p32,
p32,
p32,
p32,
p32,
p32,
p32,
p32,
p32,
p32,
p32,
p32,
p32,
p32,
p32,
p32,
p32,
p32,
p32,
33
33
33
33
33
33
33
33
33
33
33
33
33
33
33
33
33
33
33
p24ab,
p24c,
p24ab,
p24c,
p24c,
p24c,
p24c,
p24c,
p24ab,
p24ab,
p24c,
p24c,
p24c,
p24c,
p24c,
p24c,
p24c,
p24c,
p24c,
p24ab,
p24ab,
p24ab,
p24c,
p24c,
p24c,
p32,
p24c,
p24c,
p24c,
p32,
p32,
p24c,
p24c,
p24c,
p32,
p32,
p32,
p32,
p32,
p24ab,
p32,
p24c,
p24c,
p24c,
p24c,
p32,
p32,
p32,
p32,
p32,
p32,
p32,
p32,
p24c,
p24c,
p24c,
p32,
p32,
p32,
p32,
p32,
p32,
p32,
p32,
p32,
p32,
p32,
p32,
p32,
p32,
p32,
p32,
p32,
p32,
p32,
p32,
p32,
p32,
p32,
p32,
p32,
p32,
p32,
p32,
p32,
p32,
p32,
p32,
p32,
p32,
p32,
p32,
p32,
p32,
p32,
p32,
p32,
p32,
p32,
p32,
p32,
p32,
p32,
p32,
p32,
p32,
p32,
33
33
33
33
33
33
33
33
33
33
33
33
33
33
33
33
33
33
33
33
p24c,
p24c,
p24c,
p24c,
p24c,
p24c,
p24ab,
p24c,
p24c,
p24c,
p24c,
p32,
p24c,
p24c,
p24c,
p32,
p32,
p24c,
p24c,
p24c,
p24c,
p32,
p32,
p32,
p32,
p32,
p32,
p32,
p24c,
p24c,
p24c,
p24c,
p32,
p32,
p32,
p32,
p32,
p32,
p32,
p32,
p24c,
p24c,
p24c,
p32,
p32,
p32,
p32,
p32,
p32,
p32,
p32,
p32,
p32,
p32,
p32,
p32,
p32,
p32,
p32,
p32,
p32,
p32,
p32,
p32,
p32,
p32,
p32,
p32,
p32,
p32,
p32,
p32,
p32,
p32,
p32,
p32,
p32,
p32,
p32,
p32,
p32,
p32,
p32,
p32,
p32,
p32,
p32,
p32,
p32,
p32,
p32,
p32,
33
33
33
33
33
33
33
33
33
33
33
33
33
33
33
33
33
33
33
33
33
33
p24c,
p24c,
p24c,
p24c,
p24c,
p24c,
p24c,
p32,
p24c,
p24c,
p32,
p32,
p24c,
p24c,
p24c,
p24c,
p32,
p32,
p32,
p32,
p32,
p32,
p32,
p32,
p24c,
p24c,
p32,
p32,
p32,
p32,
p32,
p32,
p32,
p32,
p32,
p32,
p32,
p32,
p32,
p32,
p32,
p32,
p32,
p32,
p32,
p32,
p32,
p32,
p32,
p32,
p32,
p32,
p32,
p32,
p32,
p32,
p32,
p32,
p32,
p32,
p32,
p32,
p32,
p32,
p32,
p32,
p32,
p32,
p32,
p32,
p32,
p32,
p32,
p32,
p32,
p32,
p32,
p32,
p32,
p32,
33
33
33
33
33
33
33
33
33
33
33
33
33
33
33
33
33
33
33
33
33
33
33
33
33
p24c,
p32,
p32,
p32,
p32,
p24c,
p32,
p32,
p32,
p32,
p32,
p32,
p32,
p32,
p32,
p32,
p32,
p32,
p32,
p32,
p32,
p32,
p32,
p32,
p32,
p32,
p32,
p32,
p32,
p32,
p32,
p32,
p32,
p32,
p32,
p32,
p32,
p32,
p32,
p32,
p32,
p32,
p32,
p32,
p32,
p32,
p32,
p32,
p32,
p32,
p32,
p32,
p32,
p32,
p32,
p32,
p32,
33
33
33
33
33
33
33
33
33
33
33
33
33
33
33
33
33
33
33
33
33
33
33
33
p32,
p32,
p32,
p32,
p32,
p32,
p32,
p32,
p32,
p32,
p32,
p32,
p32,
p32,
p32,
p32,
p32,
p32,
p32,
p32,
p32,
p32,
p32,
p32,
p32,
p32,
p32,
p32,
p32,
p32,
p32,
p32,
p32,
p32,
p32,
p32,
33
33
33
33
33
33
33
33
33
33
33
33
33
33
33
33
33
33
33
33
33
33
33
33
33
33
33
33
33
33
33
33
33
33
33
33
p32,
p32,
p32,
p32,
p32,
p32,
p32,
p32,
p32,
p32,
p32,
p32,
p32,
p32,
p32,
p32,
p32,
p32,
33
33
33
33
33
33
33
33
33
33
33
33
33
33
33
33
33
33
33
33
33
33
33
33
33
33
33
33
33
33
33
33
33
33
33
33
33
33
33
33
33
33
33
33
33
33
33
33
33
33
33
33
33
33
33
33
33
33
33
33
33
33
33
33
33
33
33
33
33
33
33
